This is LuaHBTeX, Version 1.24.0 (TeX Live 2026)  (format=lualatex 2026.3.20)  26 APR 2026 10:00
 restricted system commands enabled.
**main.tex
(./main.tex
LaTeX2e <2025-11-01>
L3 programming layer <2026-01-19>
Lua module: luaotfload 2024-12-03 v3.29 Lua based OpenType font support
Lua module: lualibs 2023-07-13 v2.76 ConTeXt Lua standard libraries.
Lua module: lualibs-extended 2023-07-13 v2.76 ConTeXt Lua libraries -- extended 
collection.
luaotfload | conf : Root cache directory is "D:/texlive/2026/texmf-var/luatex-ca
che/generic/names".
luaotfload | init : Loading fontloader "fontloader-2023-12-28.lua" from kpse-res
olved path "d:/texlive/2026/texmf-dist/tex/luatex/luaotfload/fontloader-2023-12-
28.lua".
Lua-only attribute luaotfload@noligature = 1
luaotfload | init : Context OpenType loader version 3.134
Inserting `luaotfload.node_processor' in `pre_linebreak_filter'.
Inserting `luaotfload.node_processor' in `hpack_filter'.
Inserting `luaotfload.glyph_stream' in `glyph_stream_provider'.
Inserting `luaotfload.define_font' in `define_font'.
Lua-only attribute luaotfload_color_attribute = 2
luaotfload | conf : Root cache directory is "D:/texlive/2026/texmf-var/luatex-ca
che/generic/names".
Inserting `luaotfload.harf.strip_prefix' in `find_opentype_file'.
Inserting `luaotfload.harf.strip_prefix' in `find_truetype_file'.
Removing  `luaotfload.glyph_stream' from `glyph_stream_provider'.
Inserting `luaotfload.harf.glyphstream' in `glyph_stream_provider'.
Inserting `luaotfload.harf.finalize_vlist' in `post_linebreak_filter'.
Inserting `luaotfload.harf.finalize_hlist' in `hpack_filter'.
Inserting `luaotfload.cleanup_files' in `wrapup_run'.
Inserting `luaotfload.harf.finalize_unicode' in `finish_pdffile'.
Inserting `luaotfload.glyphinfo' in `glyph_info'.
Lua-only attribute luaotfload.letterspace_done = 3
Inserting `luaotfload.aux.set_sscale_dimens' in `luaotfload.patch_font'.
Inserting `luaotfload.aux.set_font_index' in `luaotfload.patch_font'.
Inserting `luaotfload.aux.patch_cambria_domh' in `luaotfload.patch_font'.
Inserting `luaotfload.aux.fixup_fontdata' in `luaotfload.patch_font_unsafe'.
Inserting `luaotfload.aux.set_capheight' in `luaotfload.patch_font'.
Inserting `luaotfload.aux.set_xheight' in `luaotfload.patch_font'.
Inserting `luaotfload.rewrite_fontname' in `luaotfload.patch_font'.
Inserting `tracingstacklevels' in `input_level_string'. (./note-setup.tex (d:/t
exlive/2026/texmf-dist/tex/latex/base/book.cls
Document Class: book 2025/01/22 v1.4n Standard LaTeX document class
(d:/texlive/2026/texmf-dist/tex/latex/base/bk10.clo
File: bk10.clo 2025/01/22 v1.4n Standard LaTeX file (size option)
luaotfload | db : Font names database loaded from D:/texlive/2026/texmf-var/luat
ex-cache/generic/names/luaotfload-names.luc.gz)
\c@part=\count273
\c@chapter=\count274
\c@section=\count275
\c@subsection=\count276
\c@subsubsection=\count277
\c@paragraph=\count278
\c@subparagraph=\count279
\c@figure=\count280
\c@table=\count281
\abovecaptionskip=\skip49
\belowcaptionskip=\skip50
\bibindent=\dimen147
)
(d:/texlive/2026/texmf-dist/tex/latex/xcolor/xcolor.sty
Package: xcolor 2024/09/29 v3.02 LaTeX color extensions (UK)

(d:/texlive/2026/texmf-dist/tex/latex/graphics-cfg/color.cfg
File: color.cfg 2016/01/02 v1.6 sample color configuration
)
Package xcolor Info: Driver file: luatex.def on input line 274.

(d:/texlive/2026/texmf-dist/tex/latex/graphics-def/luatex.def
File: luatex.def 2025/09/29 v1.2f Graphics/color driver for luatex
)
(d:/texlive/2026/texmf-dist/tex/latex/graphics/mathcolor.ltx)
Package xcolor Info: Model `cmy' substituted by `cmy0' on input line 1349.
Package xcolor Info: Model `hsb' substituted by `rgb' on input line 1353.
Package xcolor Info: Model `RGB' extended on input line 1365.
Package xcolor Info: Model `HTML' substituted by `rgb' on input line 1367.
Package xcolor Info: Model `Hsb' substituted by `hsb' on input line 1368.
Package xcolor Info: Model `tHsb' substituted by `hsb' on input line 1369.
Package xcolor Info: Model `HSB' substituted by `hsb' on input line 1370.
Package xcolor Info: Model `Gray' substituted by `gray' on input line 1371.
Package xcolor Info: Model `wave' substituted by `hsb' on input line 1372.
)
(d:/texlive/2026/texmf-dist/tex/latex/graphics/dvipsnam.def
File: dvipsnam.def 2016/06/17 v3.0m Driver-dependent file (DPC,SPQR)
)
(d:/texlive/2026/texmf-dist/tex/latex/hyperref/hyperref.sty
Package: hyperref 2026-01-29 v7.01p Hypertext links for LaTeX

(d:/texlive/2026/texmf-dist/tex/generic/iftex/iftex.sty
Package: iftex 2024/12/12 v1.0g TeX engine tests
)
(d:/texlive/2026/texmf-dist/tex/latex/graphics/keyval.sty
Package: keyval 2022/05/29 v1.15 key=value parser (DPC)
\KV@toks@=\toks17
)
(d:/texlive/2026/texmf-dist/tex/latex/kvsetkeys/kvsetkeys.sty
Package: kvsetkeys 2022-10-05 v1.19 Key value parser (HO)
)
(d:/texlive/2026/texmf-dist/tex/generic/kvdefinekeys/kvdefinekeys.sty
Package: kvdefinekeys 2019-12-19 v1.6 Define keys (HO)
)
(d:/texlive/2026/texmf-dist/tex/generic/pdfescape/pdfescape.sty
Package: pdfescape 2019/12/09 v1.15 Implements pdfTeX's escape features (HO)

(d:/texlive/2026/texmf-dist/tex/generic/ltxcmds/ltxcmds.sty
Package: ltxcmds 2023-12-04 v1.26 LaTeX kernel commands for general use (HO)
)
(d:/texlive/2026/texmf-dist/tex/generic/pdftexcmds/pdftexcmds.sty
Package: pdftexcmds 2020-06-27 v0.33 Utility functions of pdfTeX for LuaTeX (HO
)

(d:/texlive/2026/texmf-dist/tex/generic/infwarerr/infwarerr.sty
Package: infwarerr 2019/12/03 v1.5 Providing info/warning/error messages (HO)
)
Package pdftexcmds Info: \pdf@primitive is available.
Package pdftexcmds Info: \pdf@ifprimitive is available.
Package pdftexcmds Info: \pdfdraftmode found.
\pdftexcmds@toks=\toks18
))
(d:/texlive/2026/texmf-dist/tex/latex/hycolor/hycolor.sty
Package: hycolor 2020-01-27 v1.10 Color options for hyperref/bookmark (HO)
)
(d:/texlive/2026/texmf-dist/tex/latex/hyperref/nameref.sty
Package: nameref 2026-01-29 v2.58 Cross-referencing by name of section

(d:/texlive/2026/texmf-dist/tex/latex/refcount/refcount.sty
Package: refcount 2019/12/15 v3.6 Data extraction from label references (HO)
)
(d:/texlive/2026/texmf-dist/tex/generic/gettitlestring/gettitlestring.sty
Package: gettitlestring 2019/12/15 v1.6 Cleanup title references (HO)

(d:/texlive/2026/texmf-dist/tex/latex/kvoptions/kvoptions.sty
Package: kvoptions 2022-06-15 v3.15 Key value format for package options (HO)
))
\c@section@level=\count282
)
(d:/texlive/2026/texmf-dist/tex/latex/etoolbox/etoolbox.sty
Package: etoolbox 2025/10/02 v2.5m e-TeX tools for LaTeX (JAW)
\etb@tempcnta=\count283
)
(d:/texlive/2026/texmf-dist/tex/generic/stringenc/stringenc.sty
Package: stringenc 2019/11/29 v1.12 Convert strings between diff. encodings (HO
)
)
\@linkdim=\dimen148
\Hy@linkcounter=\count284
\Hy@pagecounter=\count285

(d:/texlive/2026/texmf-dist/tex/latex/hyperref/pd1enc.def
File: pd1enc.def 2026-01-29 v7.01p Hyperref: PDFDocEncoding definition (HO)
)
(d:/texlive/2026/texmf-dist/tex/generic/intcalc/intcalc.sty
Package: intcalc 2019/12/15 v1.3 Expandable calculations with integers (HO)
)
\Hy@SavedSpaceFactor=\count286

(d:/texlive/2026/texmf-dist/tex/latex/hyperref/puenc.def
File: puenc.def 2026-01-29 v7.01p Hyperref: PDF Unicode definition (HO)
)
Package hyperref Info: Hyper figures OFF on input line 4201.
Package hyperref Info: Link nesting OFF on input line 4206.
Package hyperref Info: Hyper index ON on input line 4209.
Package hyperref Info: Plain pages OFF on input line 4216.
Package hyperref Info: Backreferencing OFF on input line 4221.
Package hyperref Info: Implicit mode ON; LaTeX internals redefined.
Package hyperref Info: Bookmarks ON on input line 4468.
\c@Hy@tempcnt=\count287

(d:/texlive/2026/texmf-dist/tex/latex/url/url.sty
\Urlmuskip=\muskip17
Package: url 2013/09/16  ver 3.4  Verb mode for urls, etc.
)
LaTeX Info: Redefining \url on input line 4807.
\XeTeXLinkMargin=\dimen149

(d:/texlive/2026/texmf-dist/tex/generic/bitset/bitset.sty
Package: bitset 2019/12/09 v1.3 Handle bit-vector datatype (HO)

(d:/texlive/2026/texmf-dist/tex/generic/bigintcalc/bigintcalc.sty
Package: bigintcalc 2019/12/15 v1.5 Expandable calculations on big integers (HO
)
))
\Fld@menulength=\count288
\Field@Width=\dimen150
\Fld@charsize=\dimen151
Package hyperref Info: Hyper figures OFF on input line 6084.
Package hyperref Info: Link nesting OFF on input line 6089.
Package hyperref Info: Hyper index ON on input line 6092.
Package hyperref Info: backreferencing OFF on input line 6099.
Package hyperref Info: Link coloring OFF on input line 6104.
Package hyperref Info: Link coloring with OCG OFF on input line 6109.
Package hyperref Info: PDF/A mode OFF on input line 6114.
\Hy@abspage=\count289
\c@Item=\count290
\c@Hfootnote=\count291
)
Package hyperref Info: Driver (autodetected): hluatex.

(d:/texlive/2026/texmf-dist/tex/latex/hyperref/hluatex.def
File: hluatex.def 2026-01-29 v7.01p Hyperref driver for luaTeX
\Fld@listcount=\count292
\c@bookmark@seq@number=\count293

(d:/texlive/2026/texmf-dist/tex/latex/rerunfilecheck/rerunfilecheck.sty
Package: rerunfilecheck 2025-06-21 v1.11 Rerun checks for auxiliary files (HO)

(d:/texlive/2026/texmf-dist/tex/generic/uniquecounter/uniquecounter.sty
Package: uniquecounter 2019/12/15 v1.4 Provide unlimited unique counter (HO)
)
Package uniquecounter Info: New unique counter `rerunfilecheck' on input line 2
84.
)
\Hy@SectionHShift=\skip51
)
Package hyperref Info: Option `colorlinks' set `true' on input line 17.

(d:/texlive/2026/texmf-dist/tex/latex/geometry/geometry.sty
Package: geometry 2026/03/07 v6.0 Page Geometry

(d:/texlive/2026/texmf-dist/tex/generic/iftex/ifvtex.sty
Package: ifvtex 2019/10/25 v1.7 ifvtex legacy package. Use iftex instead.
)
\Gm@cnth=\count294
\Gm@cntv=\count295
\c@Gm@tempcnt=\count296
\Gm@bindingoffset=\dimen152
\Gm@wd@mp=\dimen153
\Gm@odd@mp=\dimen154
\Gm@even@mp=\dimen155
\Gm@layoutwidth=\dimen156
\Gm@layoutheight=\dimen157
\Gm@layouthoffset=\dimen158
\Gm@layoutvoffset=\dimen159
\Gm@dimlist=\toks19
)
(d:/texlive/2026/texmf-dist/tex/latex/tools/indentfirst.sty
Package: indentfirst 2023/07/02 v1.03 Indent first paragraph (DPC)
)
(d:/texlive/2026/texmf-dist/tex/latex/anyfontsize/anyfontsize.sty
Package: anyfontsize 2007/11/22 anyfontsize.sty by pts
)
(d:/texlive/2026/texmf-dist/tex/latex/appendix/appendix.sty
Package: appendix 2020/02/08 v1.2c extra appendix facilities
\c@@pps=\count297
\c@@ppsavesec=\count298
\c@@ppsaveapp=\count299
)
(d:/texlive/2026/texmf-dist/tex/latex/float/float.sty
Package: float 2001/11/08 v1.3d Float enhancements (AL)
\c@float@type=\count300
\float@exts=\toks20
\float@box=\box53
\@float@everytoks=\toks21
\@floatcapt=\box54
)
(d:/texlive/2026/texmf-dist/tex/latex/titlesec/titlesec.sty
Package: titlesec 2025/01/04 v2.17 Sectioning titles
\ttl@box=\box55
\beforetitleunit=\skip52
\aftertitleunit=\skip53
\ttl@plus=\dimen160
\ttl@minus=\dimen161
\ttl@toksa=\toks22
\titlewidth=\dimen162
\titlewidthlast=\dimen163
\titlewidthfirst=\dimen164
)
(d:/texlive/2026/texmf-dist/tex/latex/fancyhdr/fancyhdr.sty
Package: fancyhdr 2025/02/07 v5.2 Extensive control of page headers and footers

\f@nch@headwidth=\skip54
\f@nch@offset@elh=\skip55
\f@nch@offset@erh=\skip56
\f@nch@offset@olh=\skip57
\f@nch@offset@orh=\skip58
\f@nch@offset@elf=\skip59
\f@nch@offset@erf=\skip60
\f@nch@offset@olf=\skip61
\f@nch@offset@orf=\skip62
\f@nch@height=\skip63
\f@nch@footalignment=\skip64
\f@nch@widthL=\skip65
\f@nch@widthC=\skip66
\f@nch@widthR=\skip67
\@temptokenb=\toks23
)
(d:/texlive/2026/texmf-dist/tex/latex/csvsimple/csvsimple.sty
Package: csvsimple 2024/09/27 v2.7.0 LaTeX CSV file processing
)
(d:/texlive/2026/texmf-dist/tex/latex/csvsimple/csvsimple-legacy.sty
Package: csvsimple-legacy 2024/09/27 version 2.7.0 LaTeX2e CSV file processing

(d:/texlive/2026/texmf-dist/tex/latex/pgf/utilities/pgfrcs.sty
(d:/texlive/2026/texmf-dist/tex/generic/pgf/utilities/pgfutil-common.tex
\pgfutil@everybye=\toks24
\pgfutil@tempdima=\dimen165
\pgfutil@tempdimb=\dimen166
)
(d:/texlive/2026/texmf-dist/tex/generic/pgf/utilities/pgfutil-latex.def
\pgfutil@abb=\box56
)
(d:/texlive/2026/texmf-dist/tex/generic/pgf/utilities/pgfrcs.code.tex
(d:/texlive/2026/texmf-dist/tex/generic/pgf/pgf.revision.tex)
Package: pgfrcs 2025-08-29 v3.1.11a (3.1.11a)
))
(d:/texlive/2026/texmf-dist/tex/latex/pgf/utilities/pgfkeys.sty
(d:/texlive/2026/texmf-dist/tex/generic/pgf/utilities/pgfkeys.code.tex
\pgfkeys@pathtoks=\toks25
\pgfkeys@temptoks=\toks26

(d:/texlive/2026/texmf-dist/tex/generic/pgf/utilities/pgfkeyslibraryfiltered.co
de.tex
\pgfkeys@tmptoks=\toks27
))) (d:/texlive/2026/texmf-dist/tex/latex/base/ifthen.sty
Package: ifthen 2024/03/16 v1.1e Standard LaTeX ifthen package (DPC)
)
(d:/texlive/2026/texmf-dist/tex/latex/tools/shellesc.sty
Package: shellesc 2023/07/08 v1.0d unified shell escape interface for LaTeX
Package shellesc Info: Restricted shell escape enabled on input line 77.
)
\csv@file=\read2
\c@csvinputline=\count301
\c@csvrow=\count302
\c@csvcol=\count303
\csv@out=\write3
)
(d:/texlive/2026/texmf-dist/tex/latex/pagecolor/pagecolor.sty
Package: pagecolor 2025-01-28 v1.2d Provides thepagecolor (HMM)
)
(d:/texlive/2026/texmf-dist/tex/latex/type1cm/type1cm.sty
Package: type1cm 2002/09/05 v0.04 BlueSky/Y&Y Type1 CM font definitions (DPC, p
atched RF)
)
(d:/texlive/2026/texmf-dist/tex/latex/ctex/ctex.sty
(d:/texlive/2026/texmf-dist/tex/latex/l3kernel/expl3.sty
Package: expl3 2026-01-19 L3 programming layer (loader) 

(d:/texlive/2026/texmf-dist/tex/latex/l3backend/l3backend-luatex.def
File: l3backend-luatex.def 2025-10-09 L3 backend support: PDF output (LuaTeX)
\l__color_backend_stack_int=\count304
Inserting `l3color' in `luaotfload.parse_color'.))
Package: ctex 2022/07/14 v2.5.10 Chinese adapter in LaTeX (CTEX)

(d:/texlive/2026/texmf-dist/tex/latex/ctex/ctexhook.sty
Package: ctexhook 2022/07/14 v2.5.10 Document and package hooks (CTEX)
\c__ctex_package_cctab=\catcodetable14
)
(d:/texlive/2026/texmf-dist/tex/latex/ctex/ctexpatch.sty
Package: ctexpatch 2022/07/14 v2.5.10 Patching commands (CTEX)
)
(d:/texlive/2026/texmf-dist/tex/latex/base/fix-cm.sty
Package: fix-cm 2020/11/24 v1.1t fixes to LaTeX

(d:/texlive/2026/texmf-dist/tex/latex/base/ts1enc.def
File: ts1enc.def 2001/06/05 v3.0e (jk/car/fm) Standard LaTeX file
LaTeX Font Info:    Redeclaring font encoding TS1 on input line 47.
LaTeX Encoding Info:    Redeclaring text command \capitalcedilla (encoding TS1)
 on input line 49.
LaTeX Encoding Info:    Redeclaring text command \capitalogonek (encoding TS1) 
on input line 52.
LaTeX Encoding Info:    Redeclaring text command \capitalgrave (encoding TS1) o
n input line 55.
LaTeX Encoding Info:    Redeclaring text command \capitalacute (encoding TS1) o
n input line 56.
LaTeX Encoding Info:    Redeclaring text command \capitalcircumflex (encoding T
S1) on input line 57.
LaTeX Encoding Info:    Redeclaring text command \capitaltilde (encoding TS1) o
n input line 58.
LaTeX Encoding Info:    Redeclaring text command \capitaldieresis (encoding TS1
) on input line 59.
LaTeX Encoding Info:    Redeclaring text command \capitalhungarumlaut (encoding
 TS1) on input line 60.
LaTeX Encoding Info:    Redeclaring text command \capitalring (encoding TS1) on
 input line 61.
LaTeX Encoding Info:    Redeclaring text command \capitalcaron (encoding TS1) o
n input line 62.
LaTeX Encoding Info:    Redeclaring text command \capitalbreve (encoding TS1) o
n input line 63.
LaTeX Encoding Info:    Redeclaring text command \capitalmacron (encoding TS1) 
on input line 64.
LaTeX Encoding Info:    Redeclaring text command \capitaldotaccent (encoding TS
1) on input line 65.
LaTeX Encoding Info:    Redeclaring text command \t (encoding TS1) on input lin
e 66.
LaTeX Encoding Info:    Redeclaring text command \capitaltie (encoding TS1) on 
input line 67.
LaTeX Encoding Info:    Redeclaring text command \newtie (encoding TS1) on inpu
t line 68.
LaTeX Encoding Info:    Redeclaring text command \capitalnewtie (encoding TS1) 
on input line 69.
LaTeX Encoding Info:    Redeclaring text symbol \textcapitalcompwordmark (encod
ing TS1) on input line 70.
LaTeX Encoding Info:    Redeclaring text symbol \textascendercompwordmark (enco
ding TS1) on input line 71.
LaTeX Encoding Info:    Redeclaring text symbol \textquotestraightbase (encodin
g TS1) on input line 72.
LaTeX Encoding Info:    Redeclaring text symbol \textquotestraightdblbase (enco
ding TS1) on input line 73.
LaTeX Encoding Info:    Redeclaring text symbol \texttwelveudash (encoding TS1)
 on input line 74.
LaTeX Encoding Info:    Redeclaring text symbol \textthreequartersemdash (encod
ing TS1) on input line 75.
LaTeX Encoding Info:    Redeclaring text symbol \textleftarrow (encoding TS1) o
n input line 76.
LaTeX Encoding Info:    Redeclaring text symbol \textrightarrow (encoding TS1) 
on input line 77.
LaTeX Encoding Info:    Redeclaring text symbol \textblank (encoding TS1) on in
put line 78.
LaTeX Encoding Info:    Redeclaring text symbol \textdollar (encoding TS1) on i
nput line 79.
LaTeX Encoding Info:    Redeclaring text symbol \textquotesingle (encoding TS1)
 on input line 80.
LaTeX Encoding Info:    Redeclaring text command \textasteriskcentered (encodin
g TS1) on input line 81.
LaTeX Encoding Info:    Redeclaring text symbol \textdblhyphen (encoding TS1) o
n input line 92.
LaTeX Encoding Info:    Redeclaring text symbol \textfractionsolidus (encoding 
TS1) on input line 93.
LaTeX Encoding Info:    Redeclaring text symbol \textzerooldstyle (encoding TS1
) on input line 94.
LaTeX Encoding Info:    Redeclaring text symbol \textoneoldstyle (encoding TS1)
 on input line 95.
LaTeX Encoding Info:    Redeclaring text symbol \texttwooldstyle (encoding TS1)
 on input line 96.
LaTeX Encoding Info:    Redeclaring text symbol \textthreeoldstyle (encoding TS
1) on input line 97.
LaTeX Encoding Info:    Redeclaring text symbol \textfouroldstyle (encoding TS1
) on input line 98.
LaTeX Encoding Info:    Redeclaring text symbol \textfiveoldstyle (encoding TS1
) on input line 99.
LaTeX Encoding Info:    Redeclaring text symbol \textsixoldstyle (encoding TS1)
 on input line 100.
LaTeX Encoding Info:    Redeclaring text symbol \textsevenoldstyle (encoding TS
1) on input line 101.
LaTeX Encoding Info:    Redeclaring text symbol \texteightoldstyle (encoding TS
1) on input line 102.
LaTeX Encoding Info:    Redeclaring text symbol \textnineoldstyle (encoding TS1
) on input line 103.
LaTeX Encoding Info:    Redeclaring text symbol \textlangle (encoding TS1) on i
nput line 104.
LaTeX Encoding Info:    Redeclaring text symbol \textminus (encoding TS1) on in
put line 105.
LaTeX Encoding Info:    Redeclaring text symbol \textrangle (encoding TS1) on i
nput line 106.
LaTeX Encoding Info:    Redeclaring text symbol \textmho (encoding TS1) on inpu
t line 107.
LaTeX Encoding Info:    Redeclaring text symbol \textbigcircle (encoding TS1) o
n input line 108.
LaTeX Encoding Info:    Redeclaring text command \textcircled (encoding TS1) on
 input line 109.
LaTeX Encoding Info:    Redeclaring text symbol \textohm (encoding TS1) on inpu
t line 115.
LaTeX Encoding Info:    Redeclaring text symbol \textlbrackdbl (encoding TS1) o
n input line 116.
LaTeX Encoding Info:    Redeclaring text symbol \textrbrackdbl (encoding TS1) o
n input line 117.
LaTeX Encoding Info:    Redeclaring text symbol \textuparrow (encoding TS1) on 
input line 118.
LaTeX Encoding Info:    Redeclaring text symbol \textdownarrow (encoding TS1) o
n input line 119.
LaTeX Encoding Info:    Redeclaring text symbol \textasciigrave (encoding TS1) 
on input line 120.
LaTeX Encoding Info:    Redeclaring text symbol \textborn (encoding TS1) on inp
ut line 121.
LaTeX Encoding Info:    Redeclaring text symbol \textdivorced (encoding TS1) on
 input line 122.
LaTeX Encoding Info:    Redeclaring text symbol \textdied (encoding TS1) on inp
ut line 123.
LaTeX Encoding Info:    Redeclaring text symbol \textleaf (encoding TS1) on inp
ut line 124.
LaTeX Encoding Info:    Redeclaring text symbol \textmarried (encoding TS1) on 
input line 125.
LaTeX Encoding Info:    Redeclaring text symbol \textmusicalnote (encoding TS1)
 on input line 126.
LaTeX Encoding Info:    Redeclaring text symbol \texttildelow (encoding TS1) on
 input line 127.
LaTeX Encoding Info:    Redeclaring text symbol \textdblhyphenchar (encoding TS
1) on input line 128.
LaTeX Encoding Info:    Redeclaring text symbol \textasciibreve (encoding TS1) 
on input line 129.
LaTeX Encoding Info:    Redeclaring text symbol \textasciicaron (encoding TS1) 
on input line 130.
LaTeX Encoding Info:    Redeclaring text symbol \textacutedbl (encoding TS1) on
 input line 131.
LaTeX Encoding Info:    Redeclaring text symbol \textgravedbl (encoding TS1) on
 input line 132.
LaTeX Encoding Info:    Redeclaring text symbol \textdagger (encoding TS1) on i
nput line 133.
LaTeX Encoding Info:    Redeclaring text symbol \textdaggerdbl (encoding TS1) o
n input line 134.
LaTeX Encoding Info:    Redeclaring text symbol \textbardbl (encoding TS1) on i
nput line 135.
LaTeX Encoding Info:    Redeclaring text symbol \textperthousand (encoding TS1)
 on input line 136.
LaTeX Encoding Info:    Redeclaring text symbol \textbullet (encoding TS1) on i
nput line 137.
LaTeX Encoding Info:    Redeclaring text symbol \textcelsius (encoding TS1) on 
input line 138.
LaTeX Encoding Info:    Redeclaring text symbol \textdollaroldstyle (encoding T
S1) on input line 139.
LaTeX Encoding Info:    Redeclaring text symbol \textcentoldstyle (encoding TS1
) on input line 140.
LaTeX Encoding Info:    Redeclaring text symbol \textflorin (encoding TS1) on i
nput line 141.
LaTeX Encoding Info:    Redeclaring text symbol \textcolonmonetary (encoding TS
1) on input line 142.
LaTeX Encoding Info:    Redeclaring text symbol \textwon (encoding TS1) on inpu
t line 143.
LaTeX Encoding Info:    Redeclaring text symbol \textnaira (encoding TS1) on in
put line 144.
LaTeX Encoding Info:    Redeclaring text symbol \textguarani (encoding TS1) on 
input line 145.
LaTeX Encoding Info:    Redeclaring text symbol \textpeso (encoding TS1) on inp
ut line 146.
LaTeX Encoding Info:    Redeclaring text symbol \textlira (encoding TS1) on inp
ut line 147.
LaTeX Encoding Info:    Redeclaring text symbol \textrecipe (encoding TS1) on i
nput line 148.
LaTeX Encoding Info:    Redeclaring text symbol \textinterrobang (encoding TS1)
 on input line 149.
LaTeX Encoding Info:    Redeclaring text symbol \textinterrobangdown (encoding 
TS1) on input line 150.
LaTeX Encoding Info:    Redeclaring text symbol \textdong (encoding TS1) on inp
ut line 151.
LaTeX Encoding Info:    Redeclaring text symbol \texttrademark (encoding TS1) o
n input line 152.
LaTeX Encoding Info:    Redeclaring text symbol \textpertenthousand (encoding T
S1) on input line 153.
LaTeX Encoding Info:    Redeclaring text symbol \textpilcrow (encoding TS1) on 
input line 154.
LaTeX Encoding Info:    Redeclaring text symbol \textbaht (encoding TS1) on inp
ut line 155.
LaTeX Encoding Info:    Redeclaring text symbol \textnumero (encoding TS1) on i
nput line 156.
LaTeX Encoding Info:    Redeclaring text symbol \textdiscount (encoding TS1) on
 input line 157.
LaTeX Encoding Info:    Redeclaring text symbol \textestimated (encoding TS1) o
n input line 158.
LaTeX Encoding Info:    Redeclaring text symbol \textopenbullet (encoding TS1) 
on input line 159.
LaTeX Encoding Info:    Redeclaring text symbol \textservicemark (encoding TS1)
 on input line 160.
LaTeX Encoding Info:    Redeclaring text symbol \textlquill (encoding TS1) on i
nput line 161.
LaTeX Encoding Info:    Redeclaring text symbol \textrquill (encoding TS1) on i
nput line 162.
LaTeX Encoding Info:    Redeclaring text symbol \textcent (encoding TS1) on inp
ut line 163.
LaTeX Encoding Info:    Redeclaring text symbol \textsterling (encoding TS1) on
 input line 164.
LaTeX Encoding Info:    Redeclaring text symbol \textcurrency (encoding TS1) on
 input line 165.
LaTeX Encoding Info:    Redeclaring text symbol \textyen (encoding TS1) on inpu
t line 166.
LaTeX Encoding Info:    Redeclaring text symbol \textbrokenbar (encoding TS1) o
n input line 167.
LaTeX Encoding Info:    Redeclaring text symbol \textsection (encoding TS1) on 
input line 168.
LaTeX Encoding Info:    Redeclaring text symbol \textasciidieresis (encoding TS
1) on input line 169.
LaTeX Encoding Info:    Redeclaring text symbol \textcopyright (encoding TS1) o
n input line 170.
LaTeX Encoding Info:    Redeclaring text symbol \textordfeminine (encoding TS1)
 on input line 171.
LaTeX Encoding Info:    Redeclaring text symbol \textcopyleft (encoding TS1) on
 input line 172.
LaTeX Encoding Info:    Redeclaring text symbol \textlnot (encoding TS1) on inp
ut line 173.
LaTeX Encoding Info:    Redeclaring text symbol \textcircledP (encoding TS1) on
 input line 174.
LaTeX Encoding Info:    Redeclaring text symbol \textregistered (encoding TS1) 
on input line 175.
LaTeX Encoding Info:    Redeclaring text symbol \textasciimacron (encoding TS1)
 on input line 176.
LaTeX Encoding Info:    Redeclaring text symbol \textdegree (encoding TS1) on i
nput line 177.
LaTeX Encoding Info:    Redeclaring text symbol \textpm (encoding TS1) on input
 line 178.
LaTeX Encoding Info:    Redeclaring text symbol \texttwosuperior (encoding TS1)
 on input line 179.
LaTeX Encoding Info:    Redeclaring text symbol \textthreesuperior (encoding TS
1) on input line 180.
LaTeX Encoding Info:    Redeclaring text symbol \textasciiacute (encoding TS1) 
on input line 181.
LaTeX Encoding Info:    Redeclaring text symbol \textmu (encoding TS1) on input
 line 182.
LaTeX Encoding Info:    Redeclaring text symbol \textparagraph (encoding TS1) o
n input line 183.
LaTeX Encoding Info:    Redeclaring text symbol \textperiodcentered (encoding T
S1) on input line 184.
LaTeX Encoding Info:    Redeclaring text symbol \textreferencemark (encoding TS
1) on input line 185.
LaTeX Encoding Info:    Redeclaring text symbol \textonesuperior (encoding TS1)
 on input line 186.
LaTeX Encoding Info:    Redeclaring text symbol \textordmasculine (encoding TS1
) on input line 187.
LaTeX Encoding Info:    Redeclaring text symbol \textsurd (encoding TS1) on inp
ut line 188.
LaTeX Encoding Info:    Redeclaring text symbol \textonequarter (encoding TS1) 
on input line 189.
LaTeX Encoding Info:    Redeclaring text symbol \textonehalf (encoding TS1) on 
input line 190.
LaTeX Encoding Info:    Redeclaring text symbol \textthreequarters (encoding TS
1) on input line 191.
LaTeX Encoding Info:    Redeclaring text symbol \texteuro (encoding TS1) on inp
ut line 192.
LaTeX Encoding Info:    Redeclaring text symbol \texttimes (encoding TS1) on in
put line 193.
LaTeX Encoding Info:    Redeclaring text symbol \textdiv (encoding TS1) on inpu
t line 194.
))
\l__ctex_tmp_int=\count305
\l__ctex_tmp_box=\box57
\l__ctex_tmp_dim=\dimen167
\g__ctex_section_depth_int=\count306
\g__ctex_font_size_int=\count307
\g__cctab_next_cctab=\catcodetable15

(d:/texlive/2026/texmf-dist/tex/latex/ctex/config/ctexopts.cfg
File: ctexopts.cfg 2022/07/14 v2.5.10 Option configuration file (CTEX)
)
(d:/texlive/2026/texmf-dist/tex/latex/ctex/engine/ctex-engine-luatex.def
File: ctex-engine-luatex.def 2022/07/14 v2.5.10 LuaLaTeX adapter (CTEX)

(d:/texlive/2026/texmf-dist/tex/luatex/luatexja/luatexja.sty
Package: luatexja 2026-01-30 Japanese Typesetting with Lua(La)TeX

(d:/texlive/2026/texmf-dist/tex/luatex/luatexja/luatexja-core.sty
Package: luatexja-core 2023-10-07 Core of LuaTeX-ja

(d:/texlive/2026/texmf-dist/tex/luatex/luatexbase/luatexbase.sty
Package: luatexbase 2015/10/04 v1.3 luatexbase interface to LuaTeX 

(d:/texlive/2026/texmf-dist/tex/luatex/ctablestack/ctablestack.sty
Package: ctablestack 2015/10/01 v1.0 Catcode table stable support
\@catcodetablestackcnt=\count308
)
\CatcodeTableOther=\catcodetable16
\CatcodeTableExpl=\catcodetable17
)
(d:/texlive/2026/texmf-dist/tex/latex/xkeyval/xkeyval.sty
Package: xkeyval 2025/11/04 v2.10 package option processing (HA)

(d:/texlive/2026/texmf-dist/tex/generic/xkeyval/xkeyval.tex
(d:/texlive/2026/texmf-dist/tex/generic/xkeyval/xkvutils.tex
\XKV@toks=\toks28
\XKV@tempa@toks=\toks29
\XKV@tempb@toks=\toks30
)
\XKV@depth=\count309
File: xkeyval.tex 2014/12/03 v2.7a key=value parser (HA)
))
(d:/texlive/2026/texmf-dist/tex/latex/everyhook/everyhook.sty
(d:/texlive/2026/texmf-dist/tex/latex/svn-prov/svn-prov.sty
Package: svn-prov 2010/04/24 v3.1862 Package Date/Version from SVN Keywords
)
Package: everyhook 2014/11/26 v1.2 (SVN Rev: 12)\ Hooks for low level TeX every
X primitives.
\everypar=\toks31
\frozen@everymath=\toks32
\frozen@everydisplay=\toks33
\everyhbox=\toks34
\everyvbox=\toks35
\everycr=\toks36
)
\ltjlineendcomment=\count310
\ltj@dimen@zw=\dimen168
\ltj@dimen@zh=\dimen169
\ltj@dimen@jQ=\dimen170
\ltj@icflag=\attribute4
\ltj@curjfnt=\attribute5
\ltj@curtfnt=\attribute6
\ltj@charclass=\attribute7
\ltj@charcode=\attribute8
\ltj@autospc=\attribute9
\ltj@autoxspc=\attribute10
\ltj@yablshift=\attribute11
\ltj@ykblshift=\attribute12
\ltj@tablshift=\attribute13
\ltj@tkblshift=\attribute14
\jfam=\attribute15
\ltj@vert@ori=\attribute16
\ltj@dir=\attribute17
\ltj@@japanese=\language2
\ltj@tempcnta=\count311
\ltj@tempdima=\dimen171
\ltj@@stack=\count312
\ltj@@group@level=\count313
\ltj@kcat0=\attribute18
\ltj@kcat1=\attribute19
\ltj@kcat2=\attribute20
\ltj@kcat3=\attribute21
\ltj@kcat4=\attribute22
\ltj@kcat5=\attribute23
\ltj@kcat6=\attribute24
Custom whatsit inhibitglue = 1
Custom whatsit stack_marker = 2
Custom whatsit begin_par = 3
Custom whatsit direction = 4
Custom whatsit box_boundary = 5
Custom whatsit ja_al_boundary = 6
Module luatexbase Info: Uninstalling kernel luatexbase code on input line 184
(load cache: ltj-cid-auto-adobe-japan1.luc)
Lua module: luatexja.charrange 2022-08-19 Handling the range of Japanese charact
ers
Lua module: luatexja.stack 2022-08-20 LuaTeX-ja stack system
Inserting `ltj.create_dir_whatsit' in `hpack_filter'.
Inserting `ltj.create_dir_whatsit' in `post_linebreak_filter'.
Inserting `ltj.direction' in `vpack_filter'.
Inserting `ltj.direction' in `pre_output_filter'.
Inserting `ltj.lineskip' in `post_linebreak_filter'.
Inserting `ltj.lineskip' in `append_to_vlist_filter'.
Lua module: luatexja.jfont 2025-05-04 Loader for Japanese fonts
Removing  `luaotfload.define_font' from `define_font'.
Inserting `luatexja.font_callback' in `define_font'.
Removing  `luaotfload.aux.set_sscale_dimens' from `luaotfload.patch_font'.
Removing  `luaotfload.aux.set_font_index' from `luaotfload.patch_font'.
Removing  `luaotfload.aux.patch_cambria_domh' from `luaotfload.patch_font'.
Removing  `luaotfload.aux.set_capheight' from `luaotfload.patch_font'.
Removing  `luaotfload.aux.set_xheight' from `luaotfload.patch_font'.
Removing  `luaotfload.rewrite_fontname' from `luaotfload.patch_font'.
Inserting `ltj.prepare_extra_data' in `luaotfload.patch_font'.
Inserting `luaotfload.aux.set_sscale_dimens' in `luaotfload.patch_font'.
Inserting `luaotfload.aux.set_font_index' in `luaotfload.patch_font'.
Inserting `luaotfload.aux.patch_cambria_domh' in `luaotfload.patch_font'.
Inserting `luaotfload.aux.set_capheight' in `luaotfload.patch_font'.
Inserting `luaotfload.aux.set_xheight' in `luaotfload.patch_font'.
Inserting `luaotfload.rewrite_fontname' in `luaotfload.patch_font'.
Inserting `ltj.prepare_extra_data' in `luatexja.define_font'.(load cache: extra_
lmroman10-regular.luc)
Inserting `ltj.get_vert_form' in `luatexja.define_jfont'.
Removing  `ltj.prepare_extra_data' from `luaotfload.patch_font'.
Removing  `luaotfload.aux.set_sscale_dimens' from `luaotfload.patch_font'.
Removing  `luaotfload.aux.set_font_index' from `luaotfload.patch_font'.
Removing  `luaotfload.aux.patch_cambria_domh' from `luaotfload.patch_font'.
Removing  `luaotfload.aux.set_capheight' from `luaotfload.patch_font'.
Removing  `luaotfload.aux.set_xheight' from `luaotfload.patch_font'.
Removing  `luaotfload.rewrite_fontname' from `luaotfload.patch_font'.
Inserting `ltj.supply_tounicode' in `luaotfload.patch_font'.
Inserting `ltj.prepare_extra_data' in `luaotfload.patch_font'.
Inserting `luaotfload.aux.set_sscale_dimens' in `luaotfload.patch_font'.
Inserting `luaotfload.aux.set_font_index' in `luaotfload.patch_font'.
Inserting `luaotfload.aux.patch_cambria_domh' in `luaotfload.patch_font'.
Inserting `luaotfload.aux.set_capheight' in `luaotfload.patch_font'.
Inserting `luaotfload.aux.set_xheight' in `luaotfload.patch_font'.
Inserting `luaotfload.rewrite_fontname' in `luaotfload.patch_font'.
Inserting `ltj.process_input_buffer' in `process_input_buffer'.
Inserting `ltj.hyphenate' in `hyphenate'.
Removing  `luaotfload.node_processor' from `hpack_filter'.
Removing  `luaotfload.harf.finalize_hlist' from `hpack_filter'.
Removing  `ltj.create_dir_whatsit' from `hpack_filter'.
Inserting `ltj.set_stack_level' in `hpack_filter'.
Inserting `luaotfload.node_processor' in `hpack_filter'.
Inserting `luaotfload.harf.finalize_hlist' in `hpack_filter'.
Inserting `ltj.create_dir_whatsit' in `hpack_filter'.
Removing  `luaotfload.node_processor' from `pre_linebreak_filter'.
Inserting `ltj.set_stack_level' in `pre_linebreak_filter'.
Inserting `luaotfload.node_processor' in `pre_linebreak_filter'.
Lua module: luatexja.jfmglue 2026-01-07 Insertion process of JFM glues, [x]kanji
skip and others
Inserting `luatexja.beginpar.np_info' in `luatexja.jfmglue.whatsit_getinfo'.
Inserting `luatexja.beginpar.np_info_after' in `luatexja.jfmglue.whatsit_after'.
Inserting `ltj.mlist_to_hlist_pre' in `pre_mlist_to_hlist_filter'.
Inserting `ltj.main' in `pre_linebreak_filter'.
Removing  `luaotfload.harf.finalize_hlist' from `hpack_filter'.
Removing  `ltj.create_dir_whatsit' from `hpack_filter'.
Inserting `ltj.main' in `hpack_filter'.
Inserting `luaotfload.harf.finalize_hlist' in `hpack_filter'.
Inserting `ltj.create_dir_whatsit' in `hpack_filter'.
Removing  `ltj.set_stack_level' from `pre_linebreak_filter'.
Removing  `luaotfload.node_processor' from `pre_linebreak_filter'.
Removing  `ltj.main' from `pre_linebreak_filter'.
Inserting `ltj.adjust_icflag' in `pre_linebreak_filter'.
Inserting `ltj.set_stack_level' in `pre_linebreak_filter'.
Inserting `luaotfload.node_processor' in `pre_linebreak_filter'.
Inserting `ltj.main' in `pre_linebreak_filter'.
Removing  `ltj.set_stack_level' from `hpack_filter'.
Removing  `luaotfload.node_processor' from `hpack_filter'.
Removing  `ltj.main' from `hpack_filter'.
Removing  `luaotfload.harf.finalize_hlist' from `hpack_filter'.
Removing  `ltj.create_dir_whatsit' from `hpack_filter'.
Inserting `ltj.adjust_icflag' in `hpack_filter'.
Inserting `ltj.set_stack_level' in `hpack_filter'.
Inserting `luaotfload.node_processor' in `hpack_filter'.
Inserting `ltj.main' in `hpack_filter'.
Inserting `luaotfload.harf.finalize_hlist' in `hpack_filter'.
Inserting `ltj.create_dir_whatsit' in `hpack_filter'.
(d:/texlive/2026/texmf-dist/tex/luatex/luatexja/ltj-base.sty
Package: ltj-base 2021-03-16
\ltj@tempcntb=\count314
\ltj@tempcntc=\count315
\ltj@afbox=\box58
)
\ltj@@italic@inner=\luafunction31
\ltj@@start@time@measure@inner=\luafunction32
\ltj@@stop@time@measure@inner=\luafunction33
\ltj@@jfont@inner=\luafunction34
\ltj@zw@inner=\luafunction35
\ltj@zh@inner=\luafunction36
\ltj@reset@globaldefs@inner=\luafunction37
\ltj@restore@globaldefs@inner=\luafunction38
\ltj@@disihb@inner=\luafunction39
\ltj@@ihb@inner=\luafunction40
\ltj@@fakeparbegin@inner=\luafunction41
\ltj@@fakeboxbdd@inner=\luafunction42
\ltj@@ins@xk@inner=\luafunction43
\ltj@@ins@k@inner=\luafunction44
\ltjsetkanjiskip@inner=\luafunction45
\ltjsetxkanjiskip@inner=\luafunction46
\ltj@@getparam@one@inner=\luafunction47
\ltj@alljachar@inner=\luafunction48
\ltj@@lua@populate@insertwhatsit@inner=\luafunction49
\ltj@@vadjust@begin@inner=\luafunction50
\ltj@@vadjust@dirhook@inner=\luafunction51
\ltj@@vadjust@check@dir@inner=\luafunction52
\ltj@@box@dirhook@inner=\luafunction53
\ltj@@reset@badness@inner=\luafunction54
\ltj@@lua@raisebox@inner=\luafunction55
\ltj@@vsplit@inner=\luafunction56
\ltj@@lua@unboxcheckdir@inner=\luafunction57
\ltj@@lua@uncopycheckdir@inner=\luafunction58
\ltj@@lua@uncopy@restore@whatsit@inner=\luafunction59
(load cache: ltj-kinsoku_default.luc)

Package ctexhook Info: Package `ltj-latex' can not be loaded with `ctex'.

LaTeX Info: Package 'ltj-latex.sty' has been disabled.
            Load request ignored on input line 780.
\ltj@temp@cctb=\catcodetable18
)
(d:/texlive/2026/texmf-dist/tex/luatex/luatexja/luatexja-compat.sty
Package: luatexja-compat 2025-09-21 Compatibility with pTeX
(load cache: ltj-jisx0208.luc)
\hour=\count316
\minute=\count317
))
(d:/texlive/2026/texmf-dist/tex/latex/fontspec/fontspec.sty
(d:/texlive/2026/texmf-dist/tex/latex/l3packages/xparse/xparse.sty
Package: xparse 2025-10-09 L3 Experimental document command parser
)
Package: fontspec 2025/09/29 v2.9g Font selection for XeLaTeX and LuaLaTeX
Lua module: fontspec 2025/09/29 v2.9g Font selection for XeLaTeX and LuaLaTeX
(d:/texlive/2026/texmf-dist/tex/latex/fontspec/fontspec-luatex.sty
Package: fontspec-luatex 2025/09/29 v2.9g Font selection for XeLaTeX and LuaLaT
eX
\l__fontspec_script_int=\count318
\l__fontspec_language_int=\count319
\l__fontspec_strnum_int=\count320
\l__fontspec_tmp_int=\count321
\l__fontspec_tmpa_int=\count322
\l__fontspec_tmpb_int=\count323
\l__fontspec_tmpc_int=\count324
\l__fontspec_em_int=\count325
\l__fontspec_emdef_int=\count326
\l__fontspec_strong_int=\count327
\l__fontspec_strongdef_int=\count328
\l__fontspec_tmpa_dim=\dimen172
\l__fontspec_tmpb_dim=\dimen173
\l__fontspec_tmpc_dim=\dimen174

(d:/texlive/2026/texmf-dist/tex/latex/base/fontenc.sty
Package: fontenc 2025/07/18 v2.1d Standard LaTeX package
)
(d:/texlive/2026/texmf-dist/tex/latex/fontspec/fontspec.cfg)(load cache: extra_l
mroman10-bold.luc)))
\g__cctab_next_cctab=\catcodetable19

(d:/texlive/2026/texmf-dist/tex/latex/base/tuenc.def
File: tuenc.def 2025/07/18 v2.1d Standard LaTeX file
\@remove@tlig@@@=\luafunction60
LaTeX Font Info:    Redeclaring font encoding TU on input line 105.
LaTeX Encoding Info:    Redeclaring text command \textquotesingle (encoding TU)
 on input line 148.
LaTeX Encoding Info:    Redeclaring text command \textasciigrave (encoding TU) 
on input line 149.
LaTeX Encoding Info:    Redeclaring text command \textquotedbl (encoding TU) on
 input line 150.
LaTeX Encoding Info:    Redeclaring text symbol \textdollar (encoding TU) on in
put line 151.
LaTeX Encoding Info:    Redeclaring text symbol \textless (encoding TU) on inpu
t line 152.
LaTeX Encoding Info:    Redeclaring text symbol \textgreater (encoding TU) on i
nput line 153.
LaTeX Encoding Info:    Redeclaring text symbol \textbackslash (encoding TU) on
 input line 154.
LaTeX Encoding Info:    Redeclaring text symbol \textasciicircum (encoding TU) 
on input line 155.
LaTeX Encoding Info:    Redeclaring text symbol \textunderscore (encoding TU) o
n input line 156.
LaTeX Encoding Info:    Redeclaring text symbol \textbraceleft (encoding TU) on
 input line 157.
LaTeX Encoding Info:    Redeclaring text symbol \textbar (encoding TU) on input
 line 158.
LaTeX Encoding Info:    Redeclaring text symbol \textbraceright (encoding TU) o
n input line 159.
LaTeX Encoding Info:    Redeclaring text symbol \textasciitilde (encoding TU) o
n input line 160.
LaTeX Encoding Info:    Redeclaring text symbol \textexclamdown (encoding TU) o
n input line 161.
LaTeX Encoding Info:    Redeclaring text symbol \textcent (encoding TU) on inpu
t line 162.
LaTeX Encoding Info:    Redeclaring text symbol \textsterling (encoding TU) on 
input line 163.
LaTeX Encoding Info:    Redeclaring text symbol \textcurrency (encoding TU) on 
input line 164.
LaTeX Encoding Info:    Redeclaring text symbol \textyen (encoding TU) on input
 line 165.
LaTeX Encoding Info:    Redeclaring text symbol \textbrokenbar (encoding TU) on
 input line 166.
LaTeX Encoding Info:    Redeclaring text symbol \textsection (encoding TU) on i
nput line 167.
LaTeX Encoding Info:    Redeclaring text symbol \textasciidieresis (encoding TU
) on input line 168.
LaTeX Encoding Info:    Redeclaring text symbol \textcopyright (encoding TU) on
 input line 169.
LaTeX Encoding Info:    Redeclaring text symbol \textordfeminine (encoding TU) 
on input line 170.
LaTeX Encoding Info:    Redeclaring text symbol \guillemetleft (encoding TU) on
 input line 171.
LaTeX Encoding Info:    Redeclaring text symbol \guillemotleft (encoding TU) on
 input line 172.
LaTeX Encoding Info:    Redeclaring text symbol \textlnot (encoding TU) on inpu
t line 173.
LaTeX Encoding Info:    Redeclaring text symbol \textregistered (encoding TU) o
n input line 174.
LaTeX Encoding Info:    Redeclaring text symbol \textasciimacron (encoding TU) 
on input line 175.
LaTeX Encoding Info:    Redeclaring text symbol \textdegree (encoding TU) on in
put line 176.
LaTeX Encoding Info:    Redeclaring text symbol \textpm (encoding TU) on input 
line 177.
LaTeX Encoding Info:    Redeclaring text symbol \texttwosuperior (encoding TU) 
on input line 178.
LaTeX Encoding Info:    Redeclaring text symbol \textthreesuperior (encoding TU
) on input line 179.
LaTeX Encoding Info:    Redeclaring text symbol \textasciiacute (encoding TU) o
n input line 180.
LaTeX Encoding Info:    Redeclaring text symbol \textmu (encoding TU) on input 
line 181.
LaTeX Encoding Info:    Redeclaring text symbol \textparagraph (encoding TU) on
 input line 182.
LaTeX Encoding Info:    Redeclaring text symbol \textperiodcentered (encoding T
U) on input line 183.
LaTeX Encoding Info:    Redeclaring text symbol \textonesuperior (encoding TU) 
on input line 184.
LaTeX Encoding Info:    Redeclaring text symbol \textordmasculine (encoding TU)
 on input line 185.
LaTeX Encoding Info:    Redeclaring text symbol \guillemetright (encoding TU) o
n input line 186.
LaTeX Encoding Info:    Redeclaring text symbol \guillemotright (encoding TU) o
n input line 187.
LaTeX Encoding Info:    Redeclaring text symbol \textonequarter (encoding TU) o
n input line 188.
LaTeX Encoding Info:    Redeclaring text symbol \textonehalf (encoding TU) on i
nput line 189.
LaTeX Encoding Info:    Redeclaring text symbol \textthreequarters (encoding TU
) on input line 190.
LaTeX Encoding Info:    Redeclaring text symbol \textquestiondown (encoding TU)
 on input line 191.
LaTeX Encoding Info:    Redeclaring text symbol \AE (encoding TU) on input line
 192.
LaTeX Encoding Info:    Redeclaring text symbol \DH (encoding TU) on input line
 193.
LaTeX Encoding Info:    Redeclaring text symbol \texttimes (encoding TU) on inp
ut line 194.
LaTeX Encoding Info:    Redeclaring text symbol \O (encoding TU) on input line 
195.
LaTeX Encoding Info:    Redeclaring text symbol \TH (encoding TU) on input line
 196.
LaTeX Encoding Info:    Redeclaring text symbol \ss (encoding TU) on input line
 197.
LaTeX Encoding Info:    Redeclaring text symbol \ae (encoding TU) on input line
 198.
LaTeX Encoding Info:    Redeclaring text symbol \dh (encoding TU) on input line
 199.
LaTeX Encoding Info:    Redeclaring text symbol \textdiv (encoding TU) on input
 line 200.
LaTeX Encoding Info:    Redeclaring text symbol \o (encoding TU) on input line 
201.
LaTeX Encoding Info:    Redeclaring text symbol \th (encoding TU) on input line
 202.
LaTeX Encoding Info:    Redeclaring text symbol \DJ (encoding TU) on input line
 203.
LaTeX Encoding Info:    Redeclaring text symbol \dj (encoding TU) on input line
 204.
LaTeX Encoding Info:    Redeclaring text symbol \i (encoding TU) on input line 
205.
LaTeX Encoding Info:    Redeclaring text symbol \IJ (encoding TU) on input line
 206.
LaTeX Encoding Info:    Redeclaring text symbol \ij (encoding TU) on input line
 207.
LaTeX Encoding Info:    Redeclaring text symbol \L (encoding TU) on input line 
208.
LaTeX Encoding Info:    Redeclaring text symbol \l (encoding TU) on input line 
209.
LaTeX Encoding Info:    Redeclaring text symbol \NG (encoding TU) on input line
 210.
LaTeX Encoding Info:    Redeclaring text symbol \ng (encoding TU) on input line
 211.
LaTeX Encoding Info:    Redeclaring text symbol \OE (encoding TU) on input line
 212.
LaTeX Encoding Info:    Redeclaring text symbol \oe (encoding TU) on input line
 213.
LaTeX Encoding Info:    Redeclaring text symbol \textflorin (encoding TU) on in
put line 214.
LaTeX Encoding Info:    Redeclaring text symbol \j (encoding TU) on input line 
215.
LaTeX Encoding Info:    Redeclaring text symbol \textasciicaron (encoding TU) o
n input line 216.
LaTeX Encoding Info:    Redeclaring text symbol \textasciibreve (encoding TU) o
n input line 217.
LaTeX Encoding Info:    Redeclaring text symbol \textacutedbl (encoding TU) on 
input line 218.
LaTeX Encoding Info:    Redeclaring text symbol \textgravedbl (encoding TU) on 
input line 219.
LaTeX Encoding Info:    Redeclaring text symbol \texttildelow (encoding TU) on 
input line 220.
LaTeX Encoding Info:    Redeclaring text symbol \textbaht (encoding TU) on inpu
t line 221.
LaTeX Encoding Info:    Redeclaring text symbol \SS (encoding TU) on input line
 222.
LaTeX Encoding Info:    Redeclaring text symbol \textcompwordmark (encoding TU)
 on input line 223.
LaTeX Encoding Info:    Redeclaring text symbol \textendash (encoding TU) on in
put line 224.
LaTeX Encoding Info:    Redeclaring text symbol \textemdash (encoding TU) on in
put line 225.
LaTeX Encoding Info:    Redeclaring text command \textnonbreakinghyphen (encodi
ng TU) on input line 226.
LaTeX Encoding Info:    Redeclaring text command \textfiguredash (encoding TU) 
on input line 228.
LaTeX Encoding Info:    Redeclaring text command \texthorizontalbar (encoding T
U) on input line 230.
LaTeX Encoding Info:    Redeclaring text symbol \textbardbl (encoding TU) on in
put line 232.
LaTeX Encoding Info:    Redeclaring text symbol \textquoteleft (encoding TU) on
 input line 233.
LaTeX Encoding Info:    Redeclaring text symbol \textquoteright (encoding TU) o
n input line 234.
LaTeX Encoding Info:    Redeclaring text symbol \quotesinglbase (encoding TU) o
n input line 235.
LaTeX Encoding Info:    Redeclaring text symbol \textquotedblleft (encoding TU)
 on input line 236.
LaTeX Encoding Info:    Redeclaring text symbol \textquotedblright (encoding TU
) on input line 237.
LaTeX Encoding Info:    Redeclaring text symbol \quotedblbase (encoding TU) on 
input line 238.
LaTeX Encoding Info:    Redeclaring text symbol \textdagger (encoding TU) on in
put line 239.
LaTeX Encoding Info:    Redeclaring text symbol \textdaggerdbl (encoding TU) on
 input line 240.
LaTeX Encoding Info:    Redeclaring text symbol \textbullet (encoding TU) on in
put line 241.
LaTeX Encoding Info:    Redeclaring text symbol \textellipsis (encoding TU) on 
input line 242.
LaTeX Encoding Info:    Redeclaring text symbol \textperthousand (encoding TU) 
on input line 243.
LaTeX Encoding Info:    Redeclaring text symbol \textpertenthousand (encoding T
U) on input line 244.
LaTeX Encoding Info:    Redeclaring text symbol \guilsinglleft (encoding TU) on
 input line 245.
LaTeX Encoding Info:    Redeclaring text symbol \guilsinglright (encoding TU) o
n input line 246.
LaTeX Encoding Info:    Redeclaring text symbol \textreferencemark (encoding TU
) on input line 247.
LaTeX Encoding Info:    Redeclaring text symbol \textinterrobang (encoding TU) 
on input line 248.
LaTeX Encoding Info:    Redeclaring text symbol \textfractionsolidus (encoding 
TU) on input line 249.
LaTeX Encoding Info:    Redeclaring text symbol \textlquill (encoding TU) on in
put line 250.
LaTeX Encoding Info:    Redeclaring text symbol \textrquill (encoding TU) on in
put line 251.
LaTeX Encoding Info:    Redeclaring text symbol \textdiscount (encoding TU) on 
input line 252.
LaTeX Encoding Info:    Redeclaring text symbol \textcolonmonetary (encoding TU
) on input line 253.
LaTeX Encoding Info:    Redeclaring text symbol \textlira (encoding TU) on inpu
t line 254.
LaTeX Encoding Info:    Redeclaring text symbol \textnaira (encoding TU) on inp
ut line 255.
LaTeX Encoding Info:    Redeclaring text symbol \textwon (encoding TU) on input
 line 256.
LaTeX Encoding Info:    Redeclaring text symbol \textdong (encoding TU) on inpu
t line 257.
LaTeX Encoding Info:    Redeclaring text symbol \texteuro (encoding TU) on inpu
t line 258.
LaTeX Encoding Info:    Redeclaring text symbol \textpeso (encoding TU) on inpu
t line 259.
LaTeX Encoding Info:    Redeclaring text symbol \textcelsius (encoding TU) on i
nput line 260.
LaTeX Encoding Info:    Redeclaring text symbol \textnumero (encoding TU) on in
put line 261.
LaTeX Encoding Info:    Redeclaring text symbol \textcircledP (encoding TU) on 
input line 262.
LaTeX Encoding Info:    Redeclaring text symbol \textrecipe (encoding TU) on in
put line 263.
LaTeX Encoding Info:    Redeclaring text symbol \textservicemark (encoding TU) 
on input line 264.
LaTeX Encoding Info:    Redeclaring text symbol \texttrademark (encoding TU) on
 input line 265.
LaTeX Encoding Info:    Redeclaring text symbol \textohm (encoding TU) on input
 line 266.
LaTeX Encoding Info:    Redeclaring text symbol \textmho (encoding TU) on input
 line 267.
LaTeX Encoding Info:    Redeclaring text symbol \textestimated (encoding TU) on
 input line 268.
LaTeX Encoding Info:    Redeclaring text symbol \textleftarrow (encoding TU) on
 input line 269.
LaTeX Encoding Info:    Redeclaring text symbol \textuparrow (encoding TU) on i
nput line 270.
LaTeX Encoding Info:    Redeclaring text symbol \textrightarrow (encoding TU) o
n input line 271.
LaTeX Encoding Info:    Redeclaring text symbol \textdownarrow (encoding TU) on
 input line 272.
LaTeX Encoding Info:    Redeclaring text symbol \textminus (encoding TU) on inp
ut line 273.
LaTeX Encoding Info:    Redeclaring text symbol \Hwithstroke (encoding TU) on i
nput line 275.
LaTeX Encoding Info:    Redeclaring text symbol \hwithstroke (encoding TU) on i
nput line 276.
LaTeX Encoding Info:    Redeclaring text command \textasteriskcentered (encodin
g TU) on input line 277.
LaTeX Encoding Info:    Redeclaring text symbol \textsurd (encoding TU) on inpu
t line 288.
LaTeX Encoding Info:    Redeclaring text symbol \textlangle (encoding TU) on in
put line 289.
LaTeX Encoding Info:    Redeclaring text symbol \textrangle (encoding TU) on in
put line 290.
LaTeX Encoding Info:    Redeclaring text symbol \textblank (encoding TU) on inp
ut line 291.
LaTeX Encoding Info:    Redeclaring text symbol \textvisiblespace (encoding TU)
 on input line 292.
LaTeX Encoding Info:    Redeclaring text symbol \textopenbullet (encoding TU) o
n input line 293.
LaTeX Encoding Info:    Redeclaring text symbol \textbigcircle (encoding TU) on
 input line 294.
LaTeX Encoding Info:    Redeclaring text symbol \textmusicalnote (encoding TU) 
on input line 295.
LaTeX Encoding Info:    Redeclaring text symbol \textmarried (encoding TU) on i
nput line 296.
LaTeX Encoding Info:    Redeclaring text symbol \textdivorced (encoding TU) on 
input line 297.
LaTeX Encoding Info:    Redeclaring text symbol \textinterrobangdown (encoding 
TU) on input line 298.
LaTeX Encoding Info:    Redeclaring text command \` (encoding TU) on input line
 299.
LaTeX Encoding Info:    Redeclaring text command \' (encoding TU) on input line
 300.
LaTeX Encoding Info:    Redeclaring text command \^ (encoding TU) on input line
 301.
LaTeX Encoding Info:    Redeclaring text command \~ (encoding TU) on input line
 302.
LaTeX Encoding Info:    Redeclaring text command \= (encoding TU) on input line
 303.
LaTeX Encoding Info:    Redeclaring text command \u (encoding TU) on input line
 304.
LaTeX Encoding Info:    Redeclaring text command \. (encoding TU) on input line
 305.
LaTeX Encoding Info:    Redeclaring text command \" (encoding TU) on input line
 306.
LaTeX Encoding Info:    Redeclaring text command \r (encoding TU) on input line
 307.
LaTeX Encoding Info:    Redeclaring text command \H (encoding TU) on input line
 308.
LaTeX Encoding Info:    Redeclaring text command \v (encoding TU) on input line
 309.
LaTeX Encoding Info:    Redeclaring text command \b (encoding TU) on input line
 310.
LaTeX Encoding Info:    Redeclaring text command \d (encoding TU) on input line
 311.
LaTeX Encoding Info:    Redeclaring text command \c (encoding TU) on input line
 312.
LaTeX Encoding Info:    Redeclaring text command \k (encoding TU) on input line
 313.
LaTeX Encoding Info:    Redeclaring text command \textcommabelow (encoding TU) 
on input line 314.
)
Lua function ctex_ltj_add_kyenc:n = 61
Lua function ctex_ltj_is_kenc:n = 62
Lua function ctex_ltj_patch_external_font:n = 63
Lua function ctex_ltj_set_alt_font:nnnn = 64
Lua function ctex_ltj_clear_alt_font:n = 65
Lua function ctex_ltj_pickup_alt_font:nn = 66
Lua function __ctex_ltj_pickup_alt_font:Nn = 67
Lua function __ctex_ltj_if_alt_set:nT = 68
Lua function ctex_ltj_zero_globaldefs: = 69
\symCJKmath=\mathgroup4
LaTeX Font Info:    Overwriting symbol font `CJKmath' in version `bold'
(Font)                  LTJY3/song/m/n --> LTJY3/song/b/n on input line 471.
\g__ctex_ltj_family_int=\count329
Package hyperref Info: Option `unicode' set `true' on input line 1163.
\ccwd=\dimen175
\l__ctex_ccglue_skip=\skip68
(load cache: ltj-cid-auto-adobe-gb1.luc)
(d:/texlive/2026/texmf-dist/tex/luatex/chinese-jfm/jfm-zh_CN.lua)
\l__ctex_xkanjiskip_skip=\skip69
\cht=\dimen176
\cdp=\dimen177
\cwd=\dimen178
Lua function ctex_update_kanjisize: = 70)
\l__ctex_ziju_dim=\dimen179

(d:/texlive/2026/texmf-dist/tex/latex/zhnumber/zhnumber.sty
Package: zhnumber 2022/07/14 v3.0 Typesetting numbers with Chinese glyphs
\l__zhnum_scale_int=\count330
\l__zhnum_tmp_int=\count331

(d:/texlive/2026/texmf-dist/tex/latex/zhnumber/zhnumber-utf8.cfg
File: zhnumber-utf8.cfg 2022/07/14 v3.0 Chinese numerals with UTF8 encoding
))
(d:/texlive/2026/texmf-dist/tex/latex/ctex/scheme/ctex-scheme-chinese.def
File: ctex-scheme-chinese.def 2022/07/14 v2.5.10 Chinese scheme for generic (CT
EX)

(d:/texlive/2026/texmf-dist/tex/latex/ctex/config/ctex-name-utf8.cfg
File: ctex-name-utf8.cfg 2022/07/14 v2.5.10 Caption with encoding UTF-8 (CTEX)
))
(d:/texlive/2026/texmf-dist/tex/latex/ctex/ctex-c5size.clo
File: ctex-c5size.clo 2022/07/14 v2.5.10 c5size option (CTEX)
)(load cache: extra_lmroman8-regular.luc)
(d:/texlive/2026/texmf-dist/tex/latex/ctex/fontset/ctex-fontset-windows.def
File: ctex-fontset-windows.def 2022/07/14 v2.5.10 Windows fonts definition (CTE
X)
luaotfload | cache : Lookup cache loaded from D:/texlive/2026/texmf-var/luatex-c
ache/generic/names/luaotfload-lookup-cache.luc.(load cache: extra_simsun.luc)(lo
ad cache: extra_kaiti.luc)

Package fontspec Info: 
(fontspec)             Could not resolve font "KaiTi/B" (it probably doesn't
(fontspec)             exist).

(load cache: extra_simhei.luc)

Package fontspec Info: 
(fontspec)             Could not resolve font "SimHei/I" (it probably doesn't
(fontspec)             exist).


Package fontspec Info: 
(fontspec)             Could not resolve font "SimSun/BI" (it probably doesn't
(fontspec)             exist).


Package fontspec Info: 
(fontspec)             Font family 'SimSun(0)' created for font 'SimSun' with
(fontspec)             options
(fontspec)             [NFSSEncoding=LTJY3,JFM=zh_CN/quanjiao,BoldFont={SimHei}
,ItalicFont={KaiTi},LTJFONTUID=1].
(fontspec)              
(fontspec)              This font family consists of the following NFSS
(fontspec)             series/shapes:
(fontspec)              
(fontspec)             - 'normal' (m/n) with NFSS spec.:
(fontspec)             <->"name:SimSun:mode=node;script=latn;language=dflt;jfm=
zh_CN/quanjiao;"
(fontspec)             - 'bold' (b/n) with NFSS spec.:
(fontspec)             <->"name:SimHei:mode=node;script=latn;language=dflt;jfm=
zh_CN/quanjiao;"
(fontspec)             - 'italic' (m/it) with NFSS spec.:
(fontspec)             <->"name:KaiTi:mode=node;script=latn;language=dflt;jfm=z
h_CN/quanjiao;"

))
(d:/texlive/2026/texmf-dist/tex/latex/ctex/config/ctex.cfg
File: ctex.cfg 2022/07/14 v2.5.10 Configuration file (CTEX)
)
(d:/texlive/2026/texmf-dist/tex/latex/amsmath/amsmath.sty
Package: amsmath 2025/07/09 v2.17z AMS math features
\@mathmargin=\skip70

For additional information on amsmath, use the `?' option.
(d:/texlive/2026/texmf-dist/tex/latex/amsmath/amstext.sty
Package: amstext 2024/11/17 v2.01 AMS text

(d:/texlive/2026/texmf-dist/tex/latex/amsmath/amsgen.sty
File: amsgen.sty 1999/11/30 v2.0 generic functions
\@emptytoks=\toks37
\ex@=\dimen180
))
(d:/texlive/2026/texmf-dist/tex/latex/amsmath/amsbsy.sty
Package: amsbsy 1999/11/29 v1.2d Bold Symbols
\pmbraise@=\dimen181
)
(d:/texlive/2026/texmf-dist/tex/latex/amsmath/amsopn.sty
Package: amsopn 2022/04/08 v2.04 operator names
)
\inf@bad=\count332
LaTeX Info: Redefining \frac on input line 235.
\uproot@=\count333
\leftroot@=\count334
LaTeX Info: Redefining \overline on input line 398.
LaTeX Info: Redefining \colon on input line 409.
\classnum@=\count335
\DOTSCASE@=\count336
LaTeX Info: Redefining \ldots on input line 495.
LaTeX Info: Redefining \dots on input line 498.
LaTeX Info: Redefining \cdots on input line 619.
\Mathstrutbox@=\box59
\strutbox@=\box60
LaTeX Info: Redefining \big on input line 721.
LaTeX Info: Redefining \Big on input line 722.
LaTeX Info: Redefining \bigg on input line 723.
LaTeX Info: Redefining \Bigg on input line 724.
\big@size=\dimen182
LaTeX Font Info:    Redeclaring font encoding OML on input line 742.
LaTeX Font Info:    Redeclaring font encoding OMS on input line 743.
\macc@depth=\count337
LaTeX Info: Redefining \bmod on input line 904.
LaTeX Info: Redefining \pmod on input line 909.
LaTeX Info: Redefining \smash on input line 939.
LaTeX Info: Redefining \relbar on input line 969.
LaTeX Info: Redefining \Relbar on input line 970.
\c@MaxMatrixCols=\count338
\dotsspace@=\muskip18
\c@parentequation=\count339
\dspbrk@lvl=\count340
\tag@help=\toks38
\row@=\count341
\column@=\count342
\maxfields@=\count343
\andhelp@=\toks39
\eqnshift@=\dimen183
\alignsep@=\dimen184
\tagshift@=\dimen185
\tagwidth@=\dimen186
\totwidth@=\dimen187
\lineht@=\dimen188
\@envbody=\toks40
\multlinegap=\skip71
\multlinetaggap=\skip72
\mathdisplay@stack=\toks41
LaTeX Info: Redefining \[ on input line 2950.
LaTeX Info: Redefining \] on input line 2951.
)
(d:/texlive/2026/texmf-dist/tex/latex/amsfonts/amssymb.sty
Package: amssymb 2013/01/14 v3.01 AMS font symbols

(d:/texlive/2026/texmf-dist/tex/latex/amsfonts/amsfonts.sty
Package: amsfonts 2013/01/14 v3.01 Basic AMSFonts support
\symAMSa=\mathgroup5
\symAMSb=\mathgroup6
LaTeX Font Info:    Redeclaring math symbol \hbar on input line 98.
LaTeX Font Info:    Overwriting math alphabet `\mathfrak' in version `bold'
(Font)                  U/euf/m/n --> U/euf/b/n on input line 106.
))
(d:/texlive/2026/texmf-dist/tex/latex/amscls/amsthm.sty
Package: amsthm 2020/05/29 v2.20.6
\thm@style=\toks42
\thm@bodyfont=\toks43
\thm@headfont=\toks44
\thm@notefont=\toks45
\thm@headpunct=\toks46
\thm@preskip=\skip73
\thm@postskip=\skip74
\thm@headsep=\skip75
\dth@everypar=\toks47
)
(d:/texlive/2026/texmf-dist/tex/latex/mathtools/mathtools.sty
Package: mathtools 2024/10/04 v1.31 mathematical typesetting tools

(d:/texlive/2026/texmf-dist/tex/latex/tools/calc.sty
Package: calc 2025/03/01 v4.3b Infix arithmetic (KKT,FJ)
\calc@Acount=\count344
\calc@Bcount=\count345
\calc@Adimen=\dimen189
\calc@Bdimen=\dimen190
\calc@Askip=\skip76
\calc@Bskip=\skip77
LaTeX Info: Redefining \setlength on input line 86.
LaTeX Info: Redefining \addtolength on input line 87.
\calc@Ccount=\count346
\calc@Cskip=\skip78
)
(d:/texlive/2026/texmf-dist/tex/latex/mathtools/mhsetup.sty
Package: mhsetup 2021/03/18 v1.4 programming setup (MH)
)
\g_MT_multlinerow_int=\count347
\l_MT_multwidth_dim=\dimen191
\origjot=\skip79
\l_MT_shortvdotswithinadjustabove_dim=\dimen192
\l_MT_shortvdotswithinadjustbelow_dim=\dimen193
\l_MT_above_intertext_sep=\dimen194
\l_MT_below_intertext_sep=\dimen195
\l_MT_above_shortintertext_sep=\dimen196
\l_MT_below_shortintertext_sep=\dimen197
\xmathstrut@box=\box61
\xmathstrut@dim=\dimen198
)
(d:/texlive/2026/texmf-dist/tex/latex/jknapltx/mathrsfs.sty
Package: mathrsfs 1996/01/01 Math RSFS package v1.0 (jk)
\symrsfs=\mathgroup7
)
(d:/texlive/2026/texmf-dist/tex/latex/tools/bm.sty
Package: bm 2025/10/21 v1.2g Bold Symbol Support (DPC/FMi)
\symboldoperators=\mathgroup8
\symboldletters=\mathgroup9
\symboldsymbols=\mathgroup10
Package bm Info: No bold for \OMX/cmex/m/n, using \pmb.
\symboldCJKmath=\mathgroup11
Package bm Info: No bold for \U/msa/m/n, using \pmb.
Package bm Info: No bold for \U/msb/m/n, using \pmb.
Package bm Info: No bold for \U/rsfs/m/n, using \pmb.
LaTeX Font Info:    Redeclaring math alphabet \mathbf on input line 149.
)
(d:/texlive/2026/texmf-dist/tex/latex/extarrows/extarrows.sty
Package: extarrows 2020/03/12 v1.2.0 Some extensible arrows
)
(d:/texlive/2026/texmf-dist/tex/latex/graphics/graphicx.sty
Package: graphicx 2024/12/31 v1.2e Enhanced LaTeX Graphics (DPC,SPQR)

(d:/texlive/2026/texmf-dist/tex/latex/graphics/graphics.sty
Package: graphics 2024/08/06 v1.4g Standard LaTeX Graphics (DPC,SPQR)

(d:/texlive/2026/texmf-dist/tex/latex/graphics/trig.sty
Package: trig 2023/12/02 v1.11 sin cos tan (DPC)
)
(d:/texlive/2026/texmf-dist/tex/latex/graphics-cfg/graphics.cfg
File: graphics.cfg 2016/06/04 v1.11 sample graphics configuration
)
Package graphics Info: Driver file: luatex.def on input line 106.
)
\Gin@req@height=\dimen199
\Gin@req@width=\dimen256
)
(d:/texlive/2026/texmf-dist/tex/latex/eso-pic/eso-pic.sty
Package: eso-pic 2025/12/10 v3.0d eso-pic (RN)
\ESO@tempdima=\dimen257
\ESO@tempdimb=\dimen258
)
(d:/texlive/2026/texmf-dist/tex/latex/caption/subcaption.sty
Package: subcaption 2023/07/28 v1.6b Sub-captions (AR)

(d:/texlive/2026/texmf-dist/tex/latex/caption/caption.sty
Package: caption 2023/08/05 v3.6o Customizing captions (AR)

(d:/texlive/2026/texmf-dist/tex/latex/caption/caption3.sty
Package: caption3 2023/07/31 v2.4d caption3 kernel (AR)
\caption@tempdima=\dimen259
\captionmargin=\dimen260
\caption@leftmargin=\dimen261
\caption@rightmargin=\dimen262
\caption@width=\dimen263
\caption@indent=\dimen264
\caption@parindent=\dimen265
\caption@hangindent=\dimen266
Package caption Info: Standard document class detected.
)
\c@caption@flags=\count348
\c@continuedfloat=\count349
Package caption Info: float package is loaded.
Package caption Info: hyperref package is loaded.
)
Package caption Info: New subtype `subfigure' on input line 238.
\c@subfigure=\count350
Package caption Info: New subtype `subtable' on input line 238.
\c@subtable=\count351
)
(d:/texlive/2026/texmf-dist/tex/latex/pgf/frontendlayer/tikz.sty
(d:/texlive/2026/texmf-dist/tex/latex/pgf/basiclayer/pgf.sty
Package: pgf 2025-08-29 v3.1.11a (3.1.11a)

(d:/texlive/2026/texmf-dist/tex/latex/pgf/basiclayer/pgfcore.sty
(d:/texlive/2026/texmf-dist/tex/latex/pgf/systemlayer/pgfsys.sty
(d:/texlive/2026/texmf-dist/tex/generic/pgf/systemlayer/pgfsys.code.tex
Package: pgfsys 2025-08-29 v3.1.11a (3.1.11a)
\pgf@x=\dimen267
\pgf@y=\dimen268
\pgf@xa=\dimen269
\pgf@ya=\dimen270
\pgf@xb=\dimen271
\pgf@yb=\dimen272
\pgf@xc=\dimen273
\pgf@yc=\dimen274
\pgf@xd=\dimen275
\pgf@yd=\dimen276
\w@pgf@writea=\write4
\r@pgf@reada=\read3
\c@pgf@counta=\count352
\c@pgf@countb=\count353
\c@pgf@countc=\count354
\c@pgf@countd=\count355
\t@pgf@toka=\toks48
\t@pgf@tokb=\toks49
\t@pgf@tokc=\toks50
\pgf@sys@id@count=\count356

(d:/texlive/2026/texmf-dist/tex/generic/pgf/systemlayer/pgf.cfg
File: pgf.cfg 2025-08-29 v3.1.11a (3.1.11a)
)
Driver file for pgf: pgfsys-luatex.def

(d:/texlive/2026/texmf-dist/tex/generic/pgf/systemlayer/pgfsys-luatex.def
File: pgfsys-luatex.def 2025-08-29 v3.1.11a (3.1.11a)

(d:/texlive/2026/texmf-dist/tex/generic/pgf/systemlayer/pgfsys-common-pdf.def
File: pgfsys-common-pdf.def 2025-08-29 v3.1.11a (3.1.11a)
)))
(d:/texlive/2026/texmf-dist/tex/generic/pgf/systemlayer/pgfsyssoftpath.code.tex
File: pgfsyssoftpath.code.tex 2025-08-29 v3.1.11a (3.1.11a)
\pgfsyssoftpath@smallbuffer@items=\count357
\pgfsyssoftpath@bigbuffer@items=\count358
)
(d:/texlive/2026/texmf-dist/tex/generic/pgf/systemlayer/pgfsysprotocol.code.tex
File: pgfsysprotocol.code.tex 2025-08-29 v3.1.11a (3.1.11a)
)) (d:/texlive/2026/texmf-dist/tex/generic/pgf/basiclayer/pgfcore.code.tex
Package: pgfcore 2025-08-29 v3.1.11a (3.1.11a)

(d:/texlive/2026/texmf-dist/tex/generic/pgf/math/pgfmath.code.tex
(d:/texlive/2026/texmf-dist/tex/generic/pgf/math/pgfmathutil.code.tex)
(d:/texlive/2026/texmf-dist/tex/generic/pgf/math/pgfmathparser.code.tex
\pgfmath@dimen=\dimen277
\pgfmath@count=\count359
\pgfmath@box=\box62
\pgfmath@toks=\toks51
\pgfmath@stack@operand=\toks52
\pgfmath@stack@operation=\toks53
)
(d:/texlive/2026/texmf-dist/tex/generic/pgf/math/pgfmathfunctions.code.tex)
(d:/texlive/2026/texmf-dist/tex/generic/pgf/math/pgfmathfunctions.basic.code.te
x)
(d:/texlive/2026/texmf-dist/tex/generic/pgf/math/pgfmathfunctions.trigonometric
.code.tex)
(d:/texlive/2026/texmf-dist/tex/generic/pgf/math/pgfmathfunctions.random.code.t
ex)
(d:/texlive/2026/texmf-dist/tex/generic/pgf/math/pgfmathfunctions.comparison.co
de.tex)
(d:/texlive/2026/texmf-dist/tex/generic/pgf/math/pgfmathfunctions.base.code.tex
)
(d:/texlive/2026/texmf-dist/tex/generic/pgf/math/pgfmathfunctions.round.code.te
x)
(d:/texlive/2026/texmf-dist/tex/generic/pgf/math/pgfmathfunctions.misc.code.tex
)
(d:/texlive/2026/texmf-dist/tex/generic/pgf/math/pgfmathfunctions.integerarithm
etics.code.tex)
(d:/texlive/2026/texmf-dist/tex/generic/pgf/math/pgfmathcalc.code.tex)
(d:/texlive/2026/texmf-dist/tex/generic/pgf/math/pgfmathfloat.code.tex
\c@pgfmathroundto@lastzeros=\count360
))
(d:/texlive/2026/texmf-dist/tex/generic/pgf/math/pgfint.code.tex)
(d:/texlive/2026/texmf-dist/tex/generic/pgf/basiclayer/pgfcorepoints.code.tex
File: pgfcorepoints.code.tex 2025-08-29 v3.1.11a (3.1.11a)
\pgf@picminx=\dimen278
\pgf@picmaxx=\dimen279
\pgf@picminy=\dimen280
\pgf@picmaxy=\dimen281
\pgf@pathminx=\dimen282
\pgf@pathmaxx=\dimen283
\pgf@pathminy=\dimen284
\pgf@pathmaxy=\dimen285
\pgf@xx=\dimen286
\pgf@xy=\dimen287
\pgf@yx=\dimen288
\pgf@yy=\dimen289
\pgf@zx=\dimen290
\pgf@zy=\dimen291
)
(d:/texlive/2026/texmf-dist/tex/generic/pgf/basiclayer/pgfcorepathconstruct.cod
e.tex
File: pgfcorepathconstruct.code.tex 2025-08-29 v3.1.11a (3.1.11a)
\pgf@path@lastx=\dimen292
\pgf@path@lasty=\dimen293
)
(d:/texlive/2026/texmf-dist/tex/generic/pgf/basiclayer/pgfcorepathusage.code.te
x
File: pgfcorepathusage.code.tex 2025-08-29 v3.1.11a (3.1.11a)
\pgf@shorten@end@additional=\dimen294
\pgf@shorten@start@additional=\dimen295
)
(d:/texlive/2026/texmf-dist/tex/generic/pgf/basiclayer/pgfcorescopes.code.tex
File: pgfcorescopes.code.tex 2025-08-29 v3.1.11a (3.1.11a)
\pgfpic=\box63
\pgf@hbox=\box64
\pgf@layerbox@main=\box65
\pgf@picture@serial@count=\count361
)
(d:/texlive/2026/texmf-dist/tex/generic/pgf/basiclayer/pgfcoregraphicstate.code
.tex
File: pgfcoregraphicstate.code.tex 2025-08-29 v3.1.11a (3.1.11a)
\pgflinewidth=\dimen296
)
(d:/texlive/2026/texmf-dist/tex/generic/pgf/basiclayer/pgfcoretransformations.c
ode.tex
File: pgfcoretransformations.code.tex 2025-08-29 v3.1.11a (3.1.11a)
\pgf@pt@x=\dimen297
\pgf@pt@y=\dimen298
\pgf@pt@temp=\dimen299
)
(d:/texlive/2026/texmf-dist/tex/generic/pgf/basiclayer/pgfcorequick.code.tex
File: pgfcorequick.code.tex 2025-08-29 v3.1.11a (3.1.11a)
)
(d:/texlive/2026/texmf-dist/tex/generic/pgf/basiclayer/pgfcoreobjects.code.tex
File: pgfcoreobjects.code.tex 2025-08-29 v3.1.11a (3.1.11a)
)
(d:/texlive/2026/texmf-dist/tex/generic/pgf/basiclayer/pgfcorepathprocessing.co
de.tex
File: pgfcorepathprocessing.code.tex 2025-08-29 v3.1.11a (3.1.11a)
)
(d:/texlive/2026/texmf-dist/tex/generic/pgf/basiclayer/pgfcorearrows.code.tex
File: pgfcorearrows.code.tex 2025-08-29 v3.1.11a (3.1.11a)
\pgfarrowsep=\dimen300
)
(d:/texlive/2026/texmf-dist/tex/generic/pgf/basiclayer/pgfcoreshade.code.tex
File: pgfcoreshade.code.tex 2025-08-29 v3.1.11a (3.1.11a)
\pgf@max=\dimen301
\pgf@sys@shading@range@num=\count362
\pgf@shadingcount=\count363
)
(d:/texlive/2026/texmf-dist/tex/generic/pgf/basiclayer/pgfcoreimage.code.tex
File: pgfcoreimage.code.tex 2025-08-29 v3.1.11a (3.1.11a)
)
(d:/texlive/2026/texmf-dist/tex/generic/pgf/basiclayer/pgfcoreexternal.code.tex
File: pgfcoreexternal.code.tex 2025-08-29 v3.1.11a (3.1.11a)
\pgfexternal@startupbox=\box66
) (d:/texlive/2026/texmf-dist/tex/generic/pgf/basiclayer/pgfcorelayers.code.tex
File: pgfcorelayers.code.tex 2025-08-29 v3.1.11a (3.1.11a)
)
(d:/texlive/2026/texmf-dist/tex/generic/pgf/basiclayer/pgfcoretransparency.code
.tex
File: pgfcoretransparency.code.tex 2025-08-29 v3.1.11a (3.1.11a)
)
(d:/texlive/2026/texmf-dist/tex/generic/pgf/basiclayer/pgfcorepatterns.code.tex
File: pgfcorepatterns.code.tex 2025-08-29 v3.1.11a (3.1.11a)
) (d:/texlive/2026/texmf-dist/tex/generic/pgf/basiclayer/pgfcorerdf.code.tex
File: pgfcorerdf.code.tex 2025-08-29 v3.1.11a (3.1.11a)
))) (d:/texlive/2026/texmf-dist/tex/generic/pgf/modules/pgfmoduleshapes.code.te
x
File: pgfmoduleshapes.code.tex 2025-08-29 v3.1.11a (3.1.11a)
\pgfnodeparttextbox=\box67
)
(d:/texlive/2026/texmf-dist/tex/generic/pgf/modules/pgfmoduleplot.code.tex
File: pgfmoduleplot.code.tex 2025-08-29 v3.1.11a (3.1.11a)
)
(d:/texlive/2026/texmf-dist/tex/latex/pgf/compatibility/pgfcomp-version-0-65.st
y
Package: pgfcomp-version-0-65 2025-08-29 v3.1.11a (3.1.11a)
\pgf@nodesepstart=\dimen302
\pgf@nodesepend=\dimen303
)
(d:/texlive/2026/texmf-dist/tex/latex/pgf/compatibility/pgfcomp-version-1-18.st
y
Package: pgfcomp-version-1-18 2025-08-29 v3.1.11a (3.1.11a)
)) (d:/texlive/2026/texmf-dist/tex/latex/pgf/utilities/pgffor.sty
(d:/texlive/2026/texmf-dist/tex/latex/pgf/math/pgfmath.sty
(d:/texlive/2026/texmf-dist/tex/generic/pgf/math/pgfmath.code.tex))
(d:/texlive/2026/texmf-dist/tex/generic/pgf/utilities/pgffor.code.tex
Package: pgffor 2025-08-29 v3.1.11a (3.1.11a)
\pgffor@iter=\dimen304
\pgffor@skip=\dimen305
\pgffor@stack=\toks54
\pgffor@toks=\toks55
))
(d:/texlive/2026/texmf-dist/tex/generic/pgf/frontendlayer/tikz/tikz.code.tex
Package: tikz 2025-08-29 v3.1.11a (3.1.11a)

(d:/texlive/2026/texmf-dist/tex/generic/pgf/libraries/pgflibraryplothandlers.co
de.tex
File: pgflibraryplothandlers.code.tex 2025-08-29 v3.1.11a (3.1.11a)
\pgf@plot@mark@count=\count364
\pgfplotmarksize=\dimen306
)
\tikz@lastx=\dimen307
\tikz@lasty=\dimen308
\tikz@lastxsaved=\dimen309
\tikz@lastysaved=\dimen310
\tikz@lastmovetox=\dimen311
\tikz@lastmovetoy=\dimen312
\tikzleveldistance=\dimen313
\tikzsiblingdistance=\dimen314
\tikz@figbox=\box68
\tikz@figbox@bg=\box69
\tikz@tempbox=\box70
\tikz@tempbox@bg=\box71
\tikztreelevel=\count365
\tikznumberofchildren=\count366
\tikznumberofcurrentchild=\count367
\tikz@fig@count=\count368

(d:/texlive/2026/texmf-dist/tex/generic/pgf/modules/pgfmodulematrix.code.tex
File: pgfmodulematrix.code.tex 2025-08-29 v3.1.11a (3.1.11a)
\pgfmatrixcurrentrow=\count369
\pgfmatrixcurrentcolumn=\count370
\pgf@matrix@numberofcolumns=\count371
)
\tikz@expandcount=\count372

(d:/texlive/2026/texmf-dist/tex/generic/pgf/frontendlayer/tikz/libraries/tikzli
brarytopaths.code.tex
File: tikzlibrarytopaths.code.tex 2025-08-29 v3.1.11a (3.1.11a)
)))
(d:/texlive/2026/texmf-dist/tex/generic/pgf/frontendlayer/tikz/libraries/tikzli
brarydecorations.pathmorphing.code.tex
(d:/texlive/2026/texmf-dist/tex/generic/pgf/frontendlayer/tikz/libraries/tikzli
brarydecorations.code.tex
(d:/texlive/2026/texmf-dist/tex/generic/pgf/modules/pgfmoduledecorations.code.t
ex
\pgfdecoratedcompleteddistance=\dimen315
\pgfdecoratedremainingdistance=\dimen316
\pgfdecoratedinputsegmentcompleteddistance=\dimen317
\pgfdecoratedinputsegmentremainingdistance=\dimen318
\pgf@decorate@distancetomove=\dimen319
\pgf@decorate@repeatstate=\count373
\pgfdecorationsegmentamplitude=\dimen320
\pgfdecorationsegmentlength=\dimen321
)
\tikz@lib@dec@box=\box72
)
(d:/texlive/2026/texmf-dist/tex/generic/pgf/libraries/decorations/pgflibrarydec
orations.pathmorphing.code.tex))
(d:/texlive/2026/texmf-dist/tex/latex/tools/array.sty
Package: array 2025/09/25 v2.6n Tabular extension package (FMi)
\col@sep=\dimen322
\ar@mcellbox=\box73
\extrarowheight=\dimen323
\NC@list=\toks56
\extratabsurround=\skip80
\backup@length=\skip81
\ar@cellbox=\box74
)
(d:/texlive/2026/texmf-dist/tex/latex/booktabs/booktabs.sty
Package: booktabs 2020/01/12 v1.61803398 Publication quality tables
\heavyrulewidth=\dimen324
\lightrulewidth=\dimen325
\cmidrulewidth=\dimen326
\belowrulesep=\dimen327
\belowbottomsep=\dimen328
\aboverulesep=\dimen329
\abovetopsep=\dimen330
\cmidrulesep=\dimen331
\cmidrulekern=\dimen332
\defaultaddspace=\dimen333
\@cmidla=\count374
\@cmidlb=\count375
\@aboverulesep=\dimen334
\@belowrulesep=\dimen335
\@thisruleclass=\count376
\@lastruleclass=\count377
\@thisrulewidth=\dimen336
)
(d:/texlive/2026/texmf-dist/tex/latex/multirow/multirow.sty
Package: multirow 2024/11/12 v2.9 Span multiple rows of a table
\multirow@colwidth=\skip82
\multirow@cntb=\count378
\multirow@dima=\skip83
\bigstrutjot=\dimen337
)
(d:/texlive/2026/texmf-dist/tex/latex/tools/multicol.sty
Package: multicol 2025/10/21 v2.0b multicolumn formatting (FMi)
\c@tracingmulticols=\count379
\mult@box=\box75
\multicol@leftmargin=\dimen338
\c@unbalance=\count380
\c@collectmore=\count381
\doublecol@number=\count382
\multicoltolerance=\count383
\multicolpretolerance=\count384
\full@width=\dimen339
\page@free=\dimen340
\premulticols=\dimen341
\postmulticols=\dimen342
\multicolsep=\skip84
\multicolbaselineskip=\skip85
\partial@page=\box76
\last@line=\box77
\mc@boxedresult=\box78
\maxbalancingoverflow=\dimen343
\mult@rightbox=\box79
\mult@grightbox=\box80
\mult@firstbox=\box81
\mult@gfirstbox=\box82
\@tempa=\box83
\@tempa=\box84
\@tempa=\box85
\@tempa=\box86
\@tempa=\box87
\@tempa=\box88
\@tempa=\box89
\@tempa=\box90
\@tempa=\box91
\@tempa=\box92
\@tempa=\box93
\@tempa=\box94
\@tempa=\box95
\@tempa=\box96
\@tempa=\box97
\@tempa=\box98
\@tempa=\box99
\@tempa=\box100
\@tempa=\box101
\@tempa=\box102
\@tempa=\box103
\@tempa=\box104
\@tempa=\box105
\@tempa=\box106
\@tempa=\box107
\@tempa=\box108
\@tempa=\box109
\@tempa=\box110
\@tempa=\box111
\@tempa=\box112
\@tempa=\box113
\@tempa=\box114
\@tempa=\box115
\@tempa=\box116
\@tempa=\box117
\@tempa=\box118
\c@minrows=\count385
\c@columnbadness=\count386
\c@finalcolumnbadness=\count387
\last@try=\dimen344
\multicolovershoot=\dimen345
\multicolundershoot=\dimen346
\mult@nat@firstbox=\box119
\colbreak@box=\box120
\mc@col@check@num=\count388
\g__mc_curr_col_int=\count389
)
(d:/texlive/2026/texmf-dist/tex/latex/enumitem/enumitem.sty
Package: enumitem 2025/02/06 v3.11 Customized lists
\labelindent=\skip86
\enit@outerparindent=\dimen347
\enit@toks=\toks57
\enit@inbox=\box121
\enit@count@id=\count390
\enitdp@description=\count391
)
(d:/texlive/2026/texmf-dist/tex/latex/tools/tabularx.sty
Package: tabularx 2023/12/11 v2.12a `tabularx' package (DPC)
\TX@col@width=\dimen348
\TX@old@table=\dimen349
\TX@old@col=\dimen350
\TX@target=\dimen351
\TX@delta=\dimen352
\TX@cols=\count392
\TX@ftn=\toks58
)
(d:/texlive/2026/texmf-dist/tex/latex/listings/listings.sty
\lst@mode=\count393
\lst@gtempboxa=\box122
\lst@token=\toks59
\lst@length=\count394
\lst@currlwidth=\dimen353
\lst@column=\count395
\lst@pos=\count396
\lst@lostspace=\dimen354
\lst@width=\dimen355
\lst@newlines=\count397
\lst@lineno=\count398
\lst@maxwidth=\dimen356

(d:/texlive/2026/texmf-dist/tex/latex/listings/lstpatch.sty
File: lstpatch.sty 2025/11/14 1.11b (Carsten Heinz)
)
(d:/texlive/2026/texmf-dist/tex/latex/listings/lstmisc.sty
File: lstmisc.sty 2025/11/14 1.11b (Carsten Heinz)
\c@lstnumber=\count399
\lst@skipnumbers=\count400
\lst@framebox=\box123
)
(d:/texlive/2026/texmf-dist/tex/latex/listings/listings.cfg
File: listings.cfg 2025/11/14 1.11b listings configuration
))
Package: listings 2025/11/14 1.11b (Carsten Heinz)

(d:/texlive/2026/texmf-dist/tex/luatex/luatexja/patches/lltjp-listings.sty
(d:/texlive/2026/texmf-dist/tex/luatex/luatexbase/luatexbase-cctb.sty
Package: luatexbase-cctb 2015/10/04 v1.3 luatexbase interface to LuaTeX (legacy
 subpackage) 
)
\ltj@lst@japanese@min=\count401
\CatcodeTableLTJlistings=\catcodetable20
\ltj@lst@frame@lslimit@h=\dimen357
\ltj@lst@frame@lslimit@d=\dimen358

(d:/texlive/2026/texmf-dist/tex/latex/listings/lstmisc.sty
File: lstmisc.sty 2025/11/14 1.11b (Carsten Heinz)
\lst@WFtoken=\toks60
\lst@WF=\write5
))
==> First Aid for listings.sty no longer applied!
    Expected:
        2024/09/23 1.10c (Carsten Heinz)
    but found:
        2025/11/14 1.11b (Carsten Heinz)
    so I'm assuming it got fixed.
(d:/texlive/2026/texmf-dist/tex/latex/minted/minted.sty
Package: minted 2026/03/03 v3.8.0 Yet another Pygments shim for LaTeX

(d:/texlive/2026/texmf-dist/tex/generic/catchfile/catchfile.sty
Package: catchfile 2019/12/09 v1.8 Catch the contents of a file (HO)

(d:/texlive/2026/texmf-dist/tex/generic/etexcmds/etexcmds.sty
Package: etexcmds 2019/12/15 v1.7 Avoid name clashes with e-TeX commands (HO)
))
(d:/texlive/2026/texmf-dist/tex/latex/fvextra/fvextra.sty
Package: fvextra 2026/02/25 v1.14.0 fvextra - extensions and patches for fancyv
rb

(d:/texlive/2026/texmf-dist/tex/latex/fancyvrb/fancyvrb.sty
Package: fancyvrb 2025/07/28 4.6 verbatim text (tvz,hv)
\FV@CodeLineNo=\count402
\FV@InFile=\read4
\FV@TabBox=\box124
\c@FancyVerbLine=\count403
\FV@StepNumber=\count404
\FV@OutFile=\write6
)
(d:/texlive/2026/texmf-dist/tex/latex/upquote/upquote.sty
Package: upquote 2012/04/19 v1.3 upright-quote and grave-accent glyphs in verba
tim

(d:/texlive/2026/texmf-dist/tex/latex/base/textcomp.sty
Package: textcomp 2024/04/24 v2.1b Standard LaTeX package
))
(d:/texlive/2026/texmf-dist/tex/latex/lineno/lineno.sty
Package: lineno 2026/03/08 line numbers on paragraphs v5.9
\linenopenalty=\count405
\output=\toks61
\linenoprevgraf=\count406
\linenumbersep=\dimen359
\linenumberwidth=\dimen360
\c@linenumber=\count407
\c@pagewiselinenumber=\count408
\c@LN@truepage=\count409
\c@internallinenumber=\count410
\c@internallinenumbers=\count411
\quotelinenumbersep=\dimen361
\bframerule=\dimen362
\bframesep=\dimen363
\bframebox=\box125
\@LN@amsmath@ams@eqpen=\count412
)
\c@FancyVerbWriteLine=\count413
\c@FancyVerbBufferLine=\count414
\c@FV@TrueTabGroupLevel=\count415
\c@FV@TrueTabCounter=\count416
\FV@TabBox@Group=\box126
\FV@bgcolorstructbox=\box127
\FV@TmpLength=\skip87
\c@FV@HighlightLinesStart=\count417
\c@FV@HighlightLinesStop=\count418
\FV@LoopCount=\count419
\FV@NCharsBox=\box128
\FV@BreakIndent=\dimen364
\FV@BreakIndentNChars=\count420
\FV@BreakSymbolSepLeft=\dimen365
\FV@BreakSymbolSepLeftNChars=\count421
\FV@BreakSymbolSepRight=\dimen366
\FV@BreakSymbolSepRightNChars=\count422
\FV@BreakSymbolIndentLeft=\dimen367
\FV@BreakSymbolIndentLeftNChars=\count423
\FV@BreakSymbolIndentRight=\dimen368
\FV@BreakSymbolIndentRightNChars=\count424
\c@FancyVerbLineBreakLast=\count425
\FV@LineBox=\box129
\FV@LineIndentBox=\box130
\c@FV@BreakBufferDepth=\count426
\FV@LineWidth=\dimen369
)
(d:/texlive/2026/texmf-dist/tex/latex/latex2pydata/latex2pydata.sty
Package: latex2pydata 2026/02/25 v0.7.0 latex2pydata - write data to file in Py
thon literal format
)
(d:/texlive/2026/texmf-dist/tex/latex/pgfopts/pgfopts.sty
Package: pgfopts 2014/07/10 v2.1a LaTeX package options with pgfkeys
\pgfopts@list@add@a@toks=\toks62
\pgfopts@list@add@b@toks=\toks63
)
\c@minted@FancyVerbLineTemp=\count427
\@float@every@listing=\toks64
\c@listing=\count428
)
(d:/texlive/2026/texmf-dist/tex/latex/algorithm2e/algorithm2e.sty
Package: algorithm2e 2017/07/18 v5.2 algorithms environments
\c@AlgoLine=\count429
\algocf@hangindent=\skip88

(d:/texlive/2026/texmf-dist/tex/latex/ifoddpage/ifoddpage.sty
Package: ifoddpage 2022/10/18 v1.2 Conditionals for odd/even page detection
\c@checkoddpage=\count430
)
(d:/texlive/2026/texmf-dist/tex/latex/tools/xspace.sty
Package: xspace 2014/10/28 v1.13 Space after command names (DPC,MH)
)
(d:/texlive/2026/texmf-dist/tex/latex/relsize/relsize.sty
Package: relsize 2013/03/29 ver 4.1
)
\skiptotal=\skip89
\skiplinenumber=\skip90
\skiprule=\skip91
\skiphlne=\skip92
\skiptext=\skip93
\skiplength=\skip94
\algomargin=\skip95
\skipalgocfslide=\skip96
\algowidth=\dimen370
\inoutsize=\dimen371
\inoutindent=\dimen372
\interspacetitleruled=\dimen373
\interspacealgoruled=\dimen374
\interspacetitleboxruled=\dimen375
\algocf@ruledwidth=\skip97
\algocf@inoutbox=\box131
\algocf@inputbox=\box132
\AlCapSkip=\skip98
\AlCapHSkip=\skip99
\algoskipindent=\skip100
\algocf@nlbox=\box133
\algocf@hangingbox=\box134
\algocf@untilbox=\box135
\algocf@skipuntil=\skip101
\algocf@capbox=\box136
\algocf@lcaptionbox=\skip102
\algoheightruledefault=\skip103
\algoheightrule=\skip104
\algotitleheightruledefault=\skip105
\algotitleheightrule=\skip106
\c@algocfline=\count431
\c@algocfproc=\count432
\c@algocf=\count433
\algocf@algoframe=\box137
\algocf@algobox=\box138
)
(d:/texlive/2026/texmf-dist/tex/latex/cancel/cancel.sty
Package: cancel 2013/04/12 v2.2 Cancel math terms
)
(d:/texlive/2026/texmf-dist/tex/generic/ulem/ulem.sty
\UL@box=\box139
\UL@hyphenbox=\box140
\UL@skip=\skip107
\UL@hook=\toks65
\UL@height=\dimen376
\UL@pe=\count434
\UL@pixel=\dimen377
\ULC@box=\box141
Package: ulem 2019/11/18
\ULdepth=\dimen378
)
(d:/texlive/2026/texmf-dist/tex/latex/tools/verbatim.sty
Package: verbatim 2024-01-22 v1.5x LaTeX2e package for verbatim enhancements
\every@verbatim=\toks66
\verbatim@line=\toks67
\verbatim@in@stream=\read5
)
(d:/texlive/2026/texmf-dist/tex/latex/tcolorbox/tcolorbox.sty
Package: tcolorbox 2025/11/28 version 6.9.0 text color boxes

(d:/texlive/2026/texmf-dist/tex/latex/environ/environ.sty
Package: environ 2014/05/04 v0.3 A new way to define environments

(d:/texlive/2026/texmf-dist/tex/latex/trimspaces/trimspaces.sty
Package: trimspaces 2009/09/17 v1.1 Trim spaces around a token list
))
\tcb@titlebox=\box142
\tcb@upperbox=\box143
\tcb@lowerbox=\box144
\tcb@phantombox=\box145
\c@tcbbreakpart=\count435
\c@tcblayer=\count436
\c@tcolorbox@number=\count437
\l__tcobox_tmpa_box=\box146
\l__tcobox_tmpa_dim=\dimen379
\tcb@temp=\box147
\tcb@temp=\box148
\tcb@temp=\box149
\tcb@temp=\box150

(d:/texlive/2026/texmf-dist/tex/latex/tcolorbox/tcbraster.code.tex
Library (tcolorbox): 'tcbraster.code.tex' version '6.9.0'
\c@tcbrastercolumn=\count438
\c@tcbrasterrow=\count439
\c@tcbrasternum=\count440
\c@tcbraster=\count441
) (d:/texlive/2026/texmf-dist/tex/latex/tcolorbox/tcbskins.code.tex
Library (tcolorbox): 'tcbskins.code.tex' version '6.9.0'
(d:/texlive/2026/texmf-dist/tex/latex/tikzfill/tikzfill.image.sty
Package: tikzfill.image 2023/08/08 v1.0.1 Image filling library for TikZ

(d:/texlive/2026/texmf-dist/tex/latex/tikzfill/tikzfill-common.sty
Package: tikzfill-common 2023/08/08 v1.0.1 Auxiliary code for tikzfill
)
(d:/texlive/2026/texmf-dist/tex/latex/tikzfill/tikzlibraryfill.image.code.tex
File: tikzlibraryfill.image.code.tex 2023/08/08 v1.0.1 Image filling library
\l__tikzfill_img_box=\box151
)) (d:/texlive/2026/texmf-dist/tex/latex/tcolorbox/tcbskinsjigsaw.code.tex
Library (tcolorbox): 'tcbskinsjigsaw.code.tex' version '6.9.0'
)) (d:/texlive/2026/texmf-dist/tex/latex/tcolorbox/tcbbreakable.code.tex
Library (tcolorbox): 'tcbbreakable.code.tex' version '6.9.0'
(d:/texlive/2026/texmf-dist/tex/latex/pdfcol/pdfcol.sty
Package: pdfcol 2022-09-21 v1.7 Handle new color stacks for pdfTeX (HO)
)
Package pdfcol Info: New color stack `tcb@breakable' = 1 on input line 23.
\tcb@testbox=\box152
\tcb@totalupperbox=\box153
\tcb@totallowerbox=\box154

(d:/texlive/2026/texmf-dist/tex/generic/iftex/ifluatex.sty
Package: ifluatex 2019/10/25 v1.5 ifluatex legacy package. Use iftex instead.
))
(d:/texlive/2026/texmf-dist/tex/latex/tcolorbox/tcbhooks.code.tex
Library (tcolorbox): 'tcbhooks.code.tex' version '6.9.0'
) (d:/texlive/2026/texmf-dist/tex/latex/tcolorbox/tcbtheorems.code.tex
Library (tcolorbox): 'tcbtheorems.code.tex' version '6.9.0'
) (d:/texlive/2026/texmf-dist/tex/latex/tcolorbox/tcbfitting.code.tex
Library (tcolorbox): 'tcbfitting.code.tex' version '6.9.0'
\tcbfitdim=\dimen380
\tcb@lowerfitdim=\dimen381
\tcb@upperfitdim=\dimen382
\tcb@cur@hbadness=\count442
) (d:/texlive/2026/texmf-dist/tex/latex/tcolorbox/tcblistingsutf8.code.tex
Library (tcolorbox): 'tcblistingsutf8.code.tex' version '6.9.0'
(d:/texlive/2026/texmf-dist/tex/latex/tcolorbox/tcblistings.code.tex
Library (tcolorbox): 'tcblistings.code.tex' version '6.9.0'
(d:/texlive/2026/texmf-dist/tex/latex/tcolorbox/tcblistingscore.code.tex
Library (tcolorbox): 'tcblistingscore.code.tex' version '6.9.0'
(d:/texlive/2026/texmf-dist/tex/latex/tcolorbox/tcbprocessing.code.tex
Library (tcolorbox): 'tcbprocessing.code.tex' version '6.9.0'
)
\c@tcblisting=\count443
))
Package tcolorbox Info: Library `listingsutf8' is compatible with pdftex only. 
Library `listings` is loaded instead. on input line 29.
) (d:/texlive/2026/texmf-dist/tex/latex/tcolorbox/tcbexternal.code.tex
Library (tcolorbox): 'tcbexternal.code.tex' version '6.9.0'
) (d:/texlive/2026/texmf-dist/tex/latex/tcolorbox/tcbmagazine.code.tex
Library (tcolorbox): 'tcbmagazine.code.tex' version '6.9.0'
) (d:/texlive/2026/texmf-dist/tex/latex/tcolorbox/tcbvignette.code.tex
Library (tcolorbox): 'tcbvignette.code.tex' version '6.9.0'

(d:/texlive/2026/texmf-dist/tex/generic/pgf/frontendlayer/tikz/libraries/tikzli
braryfadings.code.tex
File: tikzlibraryfadings.code.tex 2025-08-29 v3.1.11a (3.1.11a)

(d:/texlive/2026/texmf-dist/tex/generic/pgf/libraries/pgflibraryfadings.code.te
x
File: pgflibraryfadings.code.tex 2025-08-29 v3.1.11a (3.1.11a)
))) (d:/texlive/2026/texmf-dist/tex/latex/tcolorbox/tcbposter.code.tex
Library (tcolorbox): 'tcbposter.code.tex' version '6.9.0'
)) (d:/texlive/2026/texmf-dist/tex/latex/fontawesome5/fontawesome5.sty
Package: fontawesome5 2022/05/02 v5.15.4 Font Awesome 5

(d:/texlive/2026/texmf-dist/tex/latex/l3packages/l3keys2e/l3keys2e.sty
Package: l3keys2e 2025-10-09 LaTeX2e option processing using LaTeX3 keys
)
(d:/texlive/2026/texmf-dist/tex/latex/fontawesome5/fontawesome5-utex-helper.sty
Package: fontawesome5-utex-helper 2022/05/02 v5.15.4 uTeX helper for fontawesom
e5
LaTeX Font Info:    Trying to load font information for TU+fontawesomefree on i
nput line 69.
(d:/texlive/2026/texmf-dist/tex/latex/fontawesome5/tufontawesomefree.fd)(load ca
che: extra_fontawesome5free-solid.luc)

LaTeX Font Warning: Font shape `LTJY3/SimSun(0)/solid/n' undefined
(Font)              using `LTJY3/SimSun(0)/m/n' instead on input line 69.

LaTeX Font Info:    Trying to load font information for TU+fontawesomebrands on
 input line 70.
(d:/texlive/2026/texmf-dist/tex/latex/fontawesome5/tufontawesomebrands.fd)(load 
cache: extra_fontawesome5brands-regular.luc)

LaTeX Font Warning: Font shape `LTJY3/SimSun(0)/regular/n' undefined
(Font)              using `LTJY3/SimSun(0)/m/n' instead on input line 70.

)) (d:/texlive/2026/texmf-dist/tex/latex/thmtools/thmtools.sty
Package: thmtools 2023/05/04 v0.76
\thmt@toks=\toks68
\c@thmt@dummyctr=\count444

(d:/texlive/2026/texmf-dist/tex/latex/thmtools/thm-patch.sty
Package: thm-patch 2023/05/04 v0.76

(d:/texlive/2026/texmf-dist/tex/latex/thmtools/parseargs.sty
Package: parseargs 2023/05/04 v0.76
\@parsespec=\toks69
))
(d:/texlive/2026/texmf-dist/tex/latex/thmtools/thm-kv.sty
Package: thm-kv 2023/05/04 v0.76
Package thm-kv Info: Theorem names will be uppercased on input line 42.
Package thm-kv Info: kvsetkeys patch (v1.16 or later) on input line 158.
)
(d:/texlive/2026/texmf-dist/tex/latex/thmtools/thm-autoref.sty
Package: thm-autoref 2023/05/04 v0.76

(d:/texlive/2026/texmf-dist/tex/latex/thmtools/aliasctr.sty
Package: aliasctr 2023/05/04 v0.76
))
(d:/texlive/2026/texmf-dist/tex/latex/thmtools/thm-listof.sty
Package: thm-listof 2023/05/04 v0.76
)
(d:/texlive/2026/texmf-dist/tex/latex/thmtools/thm-restate.sty
Package: thm-restate 2023/05/04 v0.76
)
(d:/texlive/2026/texmf-dist/tex/latex/thmtools/thm-amsthm.sty
Package: thm-amsthm 2023/05/04 v0.76
\thmt@style@headstyle=\toks70
))
\c@theorem=\count445
\c@definition=\count446
\c@problem=\count447
\c@exercise=\count448
\c@example=\count449
\c@remark=\count450
\c@note=\count451
Package thmtools Info: Key `qed' (with value `\ensuremath {\square }')
(thmtools)             is not a known style key.
(thmtools)             Will pass this to every \declaretheorem
(thmtools)             that uses `style=solstyle' on input line 179.
)
LaTeX Font Info:    Redeclaring symbol font `CJKmath' on input line 16.
LaTeX Font Info:    Overwriting symbol font `CJKmath' in version `normal'
(Font)                  LTJY3/song/m/n --> LTJY3/SimSun(0)/m/n on input line 16
.
LaTeX Font Info:    Overwriting symbol font `CJKmath' in version `bold'
(Font)                  LTJY3/song/b/n --> LTJY3/SimSun(0)/m/n on input line 16
.
LaTeX Font Info:    Overwriting symbol font `CJKmath' in version `bold'
(Font)                  LTJY3/SimSun(0)/m/n --> LTJY3/SimSun(0)/b/n on input li
ne 16.
 (./main.aux)
\openout1 = main.aux

LaTeX Font Info:    Checking defaults for OML/cmm/m/it on input line 16.
LaTeX Font Info:    ... okay on input line 16.
LaTeX Font Info:    Checking defaults for OMS/cmsy/m/n on input line 16.
LaTeX Font Info:    ... okay on input line 16.
LaTeX Font Info:    Checking defaults for OT1/cmr/m/n on input line 16.
LaTeX Font Info:    ... okay on input line 16.
LaTeX Font Info:    Checking defaults for T1/cmr/m/n on input line 16.
LaTeX Font Info:    ... okay on input line 16.
LaTeX Font Info:    Checking defaults for TS1/cmr/m/n on input line 16.
LaTeX Font Info:    ... okay on input line 16.
LaTeX Font Info:    Checking defaults for TU/lmr/m/n on input line 16.
LaTeX Font Info:    ... okay on input line 16.
LaTeX Font Info:    Checking defaults for OMX/cmex/m/n on input line 16.
LaTeX Font Info:    ... okay on input line 16.
LaTeX Font Info:    Checking defaults for U/cmr/m/n on input line 16.
LaTeX Font Info:    ... okay on input line 16.
LaTeX Font Info:    Checking defaults for PD1/pdf/m/n on input line 16.
LaTeX Font Info:    ... okay on input line 16.
LaTeX Font Info:    Checking defaults for PU/pdf/m/n on input line 16.
LaTeX Font Info:    ... okay on input line 16.
LaTeX Font Info:    Checking defaults for LTJY3/song/m/n on input line 16.
LaTeX Font Info:    ... okay on input line 16.

(d:/texlive/2026/texmf-dist/tex/context/base/mkii/supp-pdf.mkii
[Loading MPS to PDF converter (version 2006.09.02).]
\scratchcounter=\count452
\scratchdimen=\dimen383
\scratchbox=\box155
\nofMPsegments=\count453
\nofMParguments=\count454
\everyMPshowfont=\toks71
\MPscratchCnt=\count455
\MPscratchDim=\dimen384
\MPnumerator=\count456
\makeMPintoPDFobject=\count457
\everyMPtoPDFconversion=\toks72
) (d:/texlive/2026/texmf-dist/tex/latex/epstopdf-pkg/epstopdf-base.sty
Package: epstopdf-base 2020-01-24 v2.11 Base part for package epstopdf
Package epstopdf-base Info: Redefining graphics rule for `.eps' on input line 4
85.

(d:/texlive/2026/texmf-dist/tex/latex/latexconfig/epstopdf-sys.cfg
File: epstopdf-sys.cfg 2010/07/13 v1.3 Configuration of (r)epstopdf for TeX Liv
e
))
Package hyperref Info: Link coloring ON on input line 16.

(./main.out) (./main.out)
\@outlinefile=\write7

\openout7 = main.out

*geometry* driver: auto-detecting
*geometry* detected driver: luatex
*geometry* verbose mode - [ preamble ] result:
* driver: luatex
* paper: a4paper
* layout: <same size as paper>
* layoutoffset:(h,v)=(0.0pt,0.0pt)
* modes: twoside 
* h-part:(L,W,R)=(71.13188pt, 455.24411pt, 71.13188pt)
* v-part:(T,H,B)=(56.9055pt, 717.00946pt, 71.13188pt)
* \paperwidth=597.50787pt
* \paperheight=845.04684pt
* \textwidth=455.24411pt
* \textheight=717.00946pt
* \oddsidemargin=-1.1381pt
* \evensidemargin=-1.1381pt
* \topmargin=-45.43198pt
* \headheight=12.0pt
* \headsep=18.06749pt
* \topskip=10.0pt
* \footskip=25.29494pt
* \marginparwidth=125.0pt
* \marginparsep=7.0pt
* \columnsep=10.0pt
* \skip\footins=9.0pt plus 4.0pt minus 2.0pt
* \hoffset=0.0pt
* \voffset=0.0pt
* \mag=1000
* \@twocolumnfalse
* \@twosidetrue
* \@mparswitchtrue
* \@reversemarginfalse
* (1in=72.27pt=25.4mm, 1cm=28.453pt)


Package fontspec Info: 
(fontspec)             Adjusting the maths setup (use [no-math] to avoid
(fontspec)             this).

\symlegacymaths=\mathgroup12
LaTeX Font Info:    Overwriting symbol font `legacymaths' in version `bold'
(Font)                  OT1/cmr/m/n --> OT1/cmr/bx/n on input line 16.
LaTeX Font Info:    Redeclaring math accent \acute on input line 16.
LaTeX Font Info:    Redeclaring math accent \grave on input line 16.
LaTeX Font Info:    Redeclaring math accent \ddot on input line 16.
LaTeX Font Info:    Redeclaring math accent \tilde on input line 16.
LaTeX Font Info:    Redeclaring math accent \bar on input line 16.
LaTeX Font Info:    Redeclaring math accent \breve on input line 16.
LaTeX Font Info:    Redeclaring math accent \check on input line 16.
LaTeX Font Info:    Redeclaring math accent \hat on input line 16.
LaTeX Font Info:    Redeclaring math accent \dot on input line 16.
LaTeX Font Info:    Redeclaring math accent \mathring on input line 16.
LaTeX Font Info:    Redeclaring math symbol \Gamma on input line 16.
LaTeX Font Info:    Redeclaring math symbol \Delta on input line 16.
LaTeX Font Info:    Redeclaring math symbol \Theta on input line 16.
LaTeX Font Info:    Redeclaring math symbol \Lambda on input line 16.
LaTeX Font Info:    Redeclaring math symbol \Xi on input line 16.
LaTeX Font Info:    Redeclaring math symbol \Pi on input line 16.
LaTeX Font Info:    Redeclaring math symbol \Sigma on input line 16.
LaTeX Font Info:    Redeclaring math symbol \Upsilon on input line 16.
LaTeX Font Info:    Redeclaring math symbol \Phi on input line 16.
LaTeX Font Info:    Redeclaring math symbol \Psi on input line 16.
LaTeX Font Info:    Redeclaring math symbol \Omega on input line 16.
LaTeX Font Info:    Redeclaring math symbol \mathdollar on input line 16.
LaTeX Font Info:    Redeclaring symbol font `operators' on input line 16.
LaTeX Font Info:    Encoding `OT1' has changed to `TU' for symbol font
(Font)              `operators' in the math version `normal' on input line 16.
LaTeX Font Info:    Overwriting symbol font `operators' in version `normal'
(Font)                  OT1/cmr/m/n --> TU/lmr/m/n on input line 16.
LaTeX Font Info:    Encoding `OT1' has changed to `TU' for symbol font
(Font)              `operators' in the math version `bold' on input line 16.
LaTeX Font Info:    Overwriting symbol font `operators' in version `bold'
(Font)                  OT1/cmr/bx/n --> TU/lmr/m/n on input line 16.
LaTeX Font Info:    Overwriting symbol font `operators' in version `normal'
(Font)                  TU/lmr/m/n --> TU/lmr/m/n on input line 16.
LaTeX Font Info:    Overwriting math alphabet `\mathit' in version `normal'
(Font)                  OT1/cmr/m/it --> TU/lmr/m/it on input line 16.
LaTeX Font Info:    Overwriting math alphabet `\mathbf' in version `normal'
(Font)                  OT1/cmr/bx/n --> TU/lmr/b/n on input line 16.
LaTeX Font Info:    Overwriting math alphabet `\mathsf' in version `normal'
(Font)                  OT1/cmss/m/n --> TU/lmss/m/n on input line 16.
LaTeX Font Info:    Overwriting math alphabet `\mathtt' in version `normal'
(Font)                  OT1/cmtt/m/n --> TU/lmtt/m/n on input line 16.
LaTeX Font Info:    Overwriting symbol font `operators' in version `bold'
(Font)                  TU/lmr/m/n --> TU/lmr/b/n on input line 16.
LaTeX Font Info:    Overwriting math alphabet `\mathit' in version `bold'
(Font)                  OT1/cmr/bx/it --> TU/lmr/b/it on input line 16.
LaTeX Font Info:    Overwriting math alphabet `\mathsf' in version `bold'
(Font)                  OT1/cmss/bx/n --> TU/lmss/b/n on input line 16.
LaTeX Font Info:    Overwriting math alphabet `\mathtt' in version `bold'
(Font)                  OT1/cmtt/m/n --> TU/lmtt/b/n on input line 16.
Package caption Info: Begin \AtBeginDocument code.
Package caption Info: listings package is loaded.
Package caption Info: End \AtBeginDocument code.
\c@lstlisting=\count458
(load cache: extra_lmroman12-bold.luc)
LaTeX Font Info:    Font shape `LTJY3/SimSun(0)/bx/n' in size <45> not availabl
e
(Font)              Font shape `LTJY3/SimSun(0)/b/n' tried instead on input lin
e 24.
(load cache: extra_lmroman17-regular.luc)
<nijika.jpg, id=115, 1204.5pt x 1594.95876pt>
File: nijika.jpg Graphic file (type jpg)
<use nijika.jpg>
Package luatex.def Info: nijika.jpg  used on input line 30.
(luatex.def)             Requested size: 597.52509pt x 791.22281pt.
[1


{d:/texlive/2026/texmf-var/fonts/map/pdftex/updmap/pdftex.map}<./nijika.jpg>] [
2

]
LaTeX Font Info:    Font shape `LTJY3/SimSun(0)/bx/n' in size <26.09749> not av
ailable
(Font)              Font shape `LTJY3/SimSun(0)/b/n' tried instead on input lin
e 34.
 [1

] [2

] (./main.toc
LaTeX Font Info:    Font shape `LTJY3/SimSun(0)/bx/n' in size <10.53937> not av
ailable
(Font)              Font shape `LTJY3/SimSun(0)/b/n' tried instead on input lin
e 1.
(load cache: extra_lmroman7-regular.luc)(load cache: extra_lmroman5-regular.luc)
LaTeX Font Info:    Trying to load font information for U+rsfs on input line 2.


(d:/texlive/2026/texmf-dist/tex/latex/jknapltx/ursfs.fd
File: ursfs.fd 1998/03/24 rsfs font definition file (jk)
)
Missing character: There is no γ (U+03B3) in font [lmroman10-regular]:+tlig;!
Missing character: There is no γ (U+03B3) in font [lmroman10-regular]:+tlig;!
Missing character: There is no γ (U+03B3) in font [lmroman10-regular]:+tlig;!
Missing character: There is no γ (U+03B3) in font [lmroman10-regular]:+tlig;!
)
\tf@toc=\write8

\openout8 = main.toc
 [3
Missing character: There is no γ (U+03B3) in font [lmroman10-regular]:+tlig;!
Missing character: There is no γ (U+03B3) in font [lmroman10-regular]:+tlig;!
] [4

] (./Chapters/01_引论.tex
Chapter 1.
LaTeX Font Info:    Font shape `LTJY3/SimSun(0)/bx/n' in size <22.08249> not av
ailable
(Font)              Font shape `LTJY3/SimSun(0)/b/n' tried instead on input lin
e 1.
LaTeX Font Info:    Font shape `LTJY3/SimSun(0)/bx/n' in size <15.05624> not av
ailable
(Font)              Font shape `LTJY3/SimSun(0)/b/n' tried instead on input lin
e 3.
(load cache: extra_lmroman12-regular.luc)
LaTeX Font Info:    Font shape `LTJY3/SimSun(0)/bx/n' in size <12.045> not avai
lable
(Font)              Font shape `LTJY3/SimSun(0)/b/n' tried instead on input lin
e 5.
Package hyperref Info: bookmark level for unknown theorem defaults to 0 on inpu
t line 13.
Package hyperref Info: bookmark level for unknown definition defaults to 0 on i
nput line 25.

Overfull \hbox (10.65613pt too wide) in paragraph at lines 46--46
[]|\LTJY3/SimSun(0)/regular/n/10.53937 显 |然 |有 $[] \OML/cmm/m/it/10.53937
 A[] \OMS/cmsy/m/n/10.53937  [] \OML/cmm/m/it/10.53937 A[]$[] |\LTJY3/SimSun(0
)/regular/n/10.53937 当 |二 |者 |相 |等 |时 [] |称 |集 |合 |序 |列 |
收 |敛 [] |其 |极 |限 |为 $[] \OML/cmm/m/it/10.53937 A[] \OT1/cmr/m/n/10.
53937 = [] \OML/cmm/m/it/10.53937 A[] \OT1/cmr/m/n/10.53937 =
 []


warning  (pdf backend): ignoring duplicate destination with the name 'page.1'
[1

]
warning  (pdf backend): ignoring duplicate destination with the name 'page.2'
[2](load cache: extra_lmroman6-regular.luc)

Package hyperref Warning: Token not allowed in a PDF string (Unicode):
(hyperref)                removing `math shift' on input line 157.


Package hyperref Warning: Token not allowed in a PDF string (Unicode):
(hyperref)                removing `\use@mathgroup' on input line 157.


Package hyperref Warning: Token not allowed in a PDF string (Unicode):
(hyperref)                removing `\<def>-command' on input line 157.


Package hyperref Warning: Token not allowed in a PDF string (Unicode):
(hyperref)                removing `\accentclass@' on input line 157.


Package hyperref Warning: Token not allowed in a PDF string (Unicode):
(hyperref)                removing `\<def>-command' on input line 157.


Package hyperref Warning: Token not allowed in a PDF string (Unicode):
(hyperref)                removing `\accentclass@' on input line 157.


Package hyperref Warning: Token not allowed in a PDF string (Unicode):
(hyperref)                removing `\symAMSb' on input line 157.


Package hyperref Warning: Token not allowed in a PDF string (Unicode):
(hyperref)                removing `superscript' on input line 157.


Package hyperref Warning: Token not allowed in a PDF string (Unicode):
(hyperref)                removing `math shift' on input line 157.

[3]
Package hyperref Info: bookmark level for unknown proposition defaults to 0 on 
input line 233.
 [4]
warning  (pdf backend): ignoring duplicate destination with the name 'theorem.1'


warning  (pdf backend): ignoring duplicate destination with the name 'theorem.2'


warning  (pdf backend): ignoring duplicate destination with the name 'theorem.1'

[5]
warning  (pdf backend): ignoring duplicate destination with the name 'theorem.2'


warning  (pdf backend): ignoring duplicate destination with the name 'theorem.3'


warning  (pdf backend): ignoring duplicate destination with the name 'theorem.4'


warning  (pdf backend): ignoring duplicate destination with the name 'theorem.5'

[6]
Package hyperref Info: bookmark level for unknown exercise defaults to 0 on inp
ut line 387.
 [7]) (./Chapters/02_数列极限.tex [8]
Chapter 2.

warning  (pdf backend): ignoring duplicate destination with the name 'definition
.1'

warning  (pdf backend): ignoring duplicate destination with the name 'theorem.2'

Package hyperref Info: bookmark level for unknown corollary defaults to 0 on in
put line 51.
[9

]
warning  (pdf backend): ignoring duplicate destination with the name 'definition
.2'

LaTeX Warning: Reference `Completeness_Axiom' on page 10 undefined on input lin
e 81.


warning  (pdf backend): ignoring duplicate destination with the name 'theorem.4'


warning  (pdf backend): ignoring duplicate destination with the name 'theorem.1'

[10]
warning  (pdf backend): ignoring duplicate destination with the name 'theorem.2'

[11]
warning  (pdf backend): ignoring duplicate destination with the name 'theorem.3'

Missing character: There is no γ (U+03B3) in font [lmroman12-bold]:+tlig;!
Missing character: There is no γ (U+03B3) in font [lmroman12-bold]:+tlig;!

warning  (pdf backend): ignoring duplicate destination with the name 'exercise.1
'
[12] [13
Missing character: There is no γ (U+03B3) in font [lmroman12-bold]:+tlig;!
]
Package hyperref Info: bookmark level for unknown problem defaults to 0 on inpu
t line 277.

warning  (pdf backend): ignoring duplicate destination with the name 'propositio
n.1'
[14]
Overfull \hbox (13.14447pt too wide) in paragraph at lines 353--354
[]|\LTJY3/SimSun(0)/regular/n/10.53937 计 |算 |相 |邻 |项 |比 |值 |的 |
极 |限 [] $[] \OT1/cmr/m/n/10.53937 = [] \OMS/cmsy/m/n/10.53937  [] \OT1/cmr
/m/n/10.53937 = [] \OMS/cmsy/m/n/10.53937  [][] !
 []


Overfull \hbox (13.67404pt too wide) detected at line 375
[][]
 []

[15] [16] [17]
Missing character: There is no γ (U+03B3) in font [lmroman12-bold]:+tlig;!
Missing character: There is no γ (U+03B3) in font [lmroman12-bold]:+tlig;!
) [18
Missing character: There is no γ (U+03B3) in font [lmroman12-bold]:+tlig;!
]
runsystem(latexminted cleantemp  --timestamp 20260426100008 FAD58DE7366495DB4650
CFEFAC2FCD61)...executed.
 (./main.aux)
 ***********
LaTeX2e <2025-11-01>
L3 programming layer <2022/07/14>
 ***********


LaTeX Font Warning: Some font shapes were not available, defaults substituted.


LaTeX Warning: There were undefined references.

Package rerunfilecheck Info: File `main.out' has not changed.
(rerunfilecheck)             Checksum: 840895C0106063529CD89D6CFA3B4CD3;2359.
)

Here is how much of LuaTeX's memory you used:
 47815 strings out of 476076
 156261,1648299 words of node,token memory allocated
 7352 words of node memory still in use:
   31 hlist, 2 vlist, 14 rule, 2 glue, 4 kern, 1 glyph, 2762 attribute, 86 glue_
spec, 279 attribute_list, 2 write, 34 user_defined, 24 pdf_literal, 24 pdf_color
stack nodes
   avail lists: 1:7,2:34151,3:935,4:505,5:624,6:68,7:3974,8:124,9:2228,10:13,11:
7
 68957 multiletter control sequences out of 65536+600000
 128 fonts using 156743423 bytes
 95i,20n,131p,1020b,1122s stack positions out of 10000i,1000n,20000p,200000b,200000s
<d:/texlive/2026/texmf-dist/fonts/opentype/public/lm/lmroman7-regular.otf><d:/te
xlive/2026/texmf-dist/fonts/opentype/public/lm/lmroman10-bold.otf><d:/texlive/20
26/texmf-dist/fonts/opentype/public/lm/lmroman12-bold.otf><d:/texlive/2026/texmf
-dist/fonts/opentype/public/lm/lmroman10-regular.otf><d:/texlive/2026/texmf-dist
/fonts/opentype/public/lm/lmroman17-regular.otf><c:/Windows/Fonts/simsun.ttc><c:
/Windows/Fonts/simhei.ttf><d:/texlive/2026/texmf-dist/fonts/type1/public/amsfont
s/cm/cmex10.pfb><d:/texlive/2026/texmf-dist/fonts/type1/public/amsfonts/cm/cmmi1
0.pfb><d:/texlive/2026/texmf-dist/fonts/type1/public/amsfonts/cm/cmmi5.pfb><d:/t
exlive/2026/texmf-dist/fonts/type1/public/amsfonts/cm/cmmi7.pfb><d:/texlive/2026
/texmf-dist/fonts/type1/public/amsfonts/cm/cmmi8.pfb><d:/texlive/2026/texmf-dist
/fonts/type1/public/amsfonts/cm/cmmib10.pfb><d:/texlive/2026/texmf-dist/fonts/ty
pe1/public/amsfonts/cm/cmr10.pfb><d:/texlive/2026/texmf-dist/fonts/type1/public/
amsfonts/cm/cmr5.pfb><d:/texlive/2026/texmf-dist/fonts/type1/public/amsfonts/cm/
cmr7.pfb><d:/texlive/2026/texmf-dist/fonts/type1/public/amsfonts/cm/cmsy10.pfb><
d:/texlive/2026/texmf-dist/fonts/type1/public/amsfonts/cm/cmsy7.pfb><d:/texlive/
2026/texmf-dist/fonts/type1/public/amsfonts/latxfont/line10.pfb><d:/texlive/2026
/texmf-dist/fonts/type1/public/amsfonts/symbols/msam10.pfb><d:/texlive/2026/texm
f-dist/fonts/type1/public/amsfonts/symbols/msbm10.pfb>
Output written on main.pdf (24 pages, 621189 bytes).

PDF statistics: 465 PDF objects out of 1000 (max. 8388607)
 375 compressed objects within 4 object streams
 139 named destinations out of 1000 (max. 1048576)
 400 words of extra memory for PDF output out of 10000 (max. 100000000)

